relative_time,AccX,AccY,AccZ
0,-0.06451583862304688,3.482208709716797,8.990454254150391
48,0.2496807861328125,3.263214111328125,9.11828842163086
115,-0.13636642456054687,3.453318786621094,9.470505981445314
182,0.07379653930664062,3.339854736328125,9.193881225585939
248,0.24743545532226563,3.630250854492188,8.801846466064454
315,0.5650749206542969,4.4176135253906255,8.648714904785157
382,4.921016693115234,3.798201599121094,7.3075039672851565
448,4.203558654785157,3.926035766601563,8.28152847290039
515,-0.9562115478515626,5.192701721191407,7.689359893798828
582,2.9969178771972658,1.8827847290039064,7.494914245605469
648,4.784949645996094,0.5544470214843751,5.256618804931641
715,6.927444305419923,-0.257464599609375,5.2452424621582034
782,8.78059066772461,0.6795867919921875,4.432432708740235
848,11.081455993652344,2.519261169433594,3.891757049560547
915,12.451107788085938,2.910697174072266,-0.6691085815429688
982,11.567345581054688,3.618724822998047,-0.40475830078125
1048,11.249556427001954,2.852168884277344,-3.2636631774902347
1115,8.842711486816407,5.339396667480469,-6.187982025146485
1182,6.960375823974609,1.0121951293945313,-4.942272491455078
1248,8.597371673583984,-5.225782928466797,0.46223876953125004
1399,11.55402328491211,-3.0491592407226564,3.9652542114257816
1454,9.58292221069336,3.1763946533203127,-2.0698956298828124
1522,6.454877014160156,-6.570885772705078,3.1668145751953127
1582,8.09606414794922,-8.00505340576172,-0.06331832885742188
1673,2.8883935546875,-7.120692443847656,0.25237518310546875
1715,4.520449676513672,-10.244995422363282,-2.7556196594238282
1782,0.42032592773437505,-8.993448028564453,-0.3565585327148438
1848,1.8736537170410157,-13.407918090820313,-0.8080197143554688
1915,2.0984861755371096,-8.723259887695313,-1.2070898437500002
1982,2.9559031677246095,-8.627908172607423,-1.2286450195312502
2048,3.1623239135742187,-10.216554565429687,-3.746708679199219
2115,2.3239173889160156,-8.027806091308594,-2.2685325622558596
2182,2.145638122558594,-3.865711212158203,-0.4189787292480469
2248,1.7109420776367188,-15.327825622558594,-2.840642852783203
2315,2.2135968017578125,-12.709769897460939,-4.973557434082031
2381,-0.128133544921875,-9.403894500732422,1.8769468688964845
2448,-1.064436492919922,-12.292737121582032,3.6164794921875
2515,-1.5979270935058594,-4.603526916503906,-8.310119018554689
2582,-0.19100280761718752,-11.908935241699218,-1.9844233703613283
2648,-0.43424697875976564,-9.66674789428711,-1.884730682373047
2715,0.05912704467773438,-9.992320861816406,-0.2796185302734375
2782,1.2554393005371094,-9.408684539794923,-0.7108717346191407
2848,2.442321166992188,-8.983867950439453,-1.8377284240722658
2915,3.157683563232422,-10.363399200439453,-1.208137664794922
2982,2.551444244384766,-9.54070999145508,-0.6539900207519531
3050,1.3102253723144532,-8.862320709228516,-1.2620256042480469
3115,1.8537451171875001,-9.53307586669922,-1.0075547790527344
3182,2.7328669738769533,-9.874815216064453,-0.6010002136230469
3250,2.1058209228515627,-9.066795501708985,-0.8087681579589844
3315,1.751956787109375,-9.396709442138672,-1.0434800720214845
3382,2.3715184020996096,-9.597142639160158,-0.8533753967285157
3450,1.9422111511230469,-9.521549835205079,-0.8241860961914063
3515,1.9935543823242188,-9.633816375732422,-0.8696914672851563
3582,1.9109262084960938,-9.609417114257813,-0.8349636840820313
3650,2.4013064575195315,-9.405541076660157,-0.8970845031738282
3715,2.6376649475097658,-9.473050689697265,-0.8650511169433595
3782,2.6095234680175783,-9.485923919677735,-0.8149053955078125
3850,2.295775909423828,-9.519304504394531,-0.8387059020996094
3915,2.4025039672851562,-9.536818084716797,-0.7711962890625
3982,2.348616027832031,-9.384285278320313,-0.7894583129882813
4050,2.4517515563964847,-9.62887664794922,-0.8381071472167969
4115,3.041076049804688,-9.49430648803711,-0.9864486694335938
4182,2.3631358337402344,-9.588460693359375,-0.5649252319335938
4250,2.3971151733398437,-9.783355407714843,-1.4820680236816406
4315,2.0616627502441407,-9.375154266357422,-1.7113911437988283
4382,1.5816110229492188,-8.95976806640625,-0.731678466796875
4450,0.7696994018554688,-9.643396453857422,-1.569935302734375
4515,3.3418006896972656,-8.90602981567383,-7.402256927490234
4582,2.674937438964844,-8.115823059082032,-2.9388386535644533
4649,2.7867549133300784,-8.030350799560548,-3.1642698669433593
4715,3.047662353515625,-7.925718383789063,-3.7181181335449223
4782,3.1379246520996094,-7.678731994628906,-3.660487976074219
4850,2.5798851013183595,-9.354497222900392,-3.7646713256835938
4915,2.6590704345703124,-9.535620574951173,-5.677094421386719
4982,1.5820600891113281,-12.523706817626953,-3.220852203369141
5050,2.958896942138672,-10.216255187988281,-3.1031968688964846
5115,0.65384033203125,-9.294172668457032,-1.0364447021484375
5182,0.8331674194335938,-9.057215423583985,0.11810440063476563
5250,1.6259188842773438,-8.917705535888672,0.3085084533691406
5315,2.2185365295410158,-8.374036102294923,-0.49412246704101564
5382,2.6291326904296874,-7.832013244628906,-0.8637039184570313
5450,2.070195007324219,-7.645052032470703,-0.9904902648925782
5515,1.906435546875,-11.02277801513672,-3.8215530395507815
5582,4.991220703125,-12.49766098022461,-1.3144166564941406
5650,8.10324920654297,-13.772559814453126,-0.9520202636718751
5715,2.8862979125976564,-8.484506378173828,0.39113662719726566
5782,0.3266207885742188,-9.423952789306641,0.678988037109375
5850,-3.1039453125,-9.519005126953125,0.6206094360351563
5915,-3.2254925537109376,-7.205116882324219,0.3442840576171875
5982,0.6713539123535157,-7.08970687866211,-3.411555633544922
6048,2.154170379638672,-7.217091979980469,-6.01913314819336
6115,1.0491682434082032,-7.376809844970704,-2.814746704101563
6182,2.0472926330566406,-12.354558563232423,-2.5468038940429687
6251,6.756200408935547,-13.735736389160158,-4.345164184570312
6315,1.7574952697753907,-9.88424560546875,-0.5267546081542969
6382,1.5968792724609375,-11.214529266357422,-0.6327342224121094
6451,0.3192860412597656,-8.469088439941407,1.0832972717285156
6515,-0.3882925415039063,-6.752607879638672,-0.7228468322753907
6582,0.5839356994628907,-6.299200744628907,-0.329315185546875
6650,2.309397583007813,-8.118367767333984,-0.4559518432617188
6715,3.1566357421875,-10.300529937744141,-1.257235565185547
6782,4.636907501220703,-12.753179626464844,-1.9544856262207033
6850,7.728278961181641,-17.947677612304688,1.0602452087402345
6915,1.4328204345703126,-9.053173828125,1.249152374267578
6982,-0.13307327270507813,-11.193572845458984,1.076561279296875
7051,-2.923869781494141,-9.63082260131836,1.3531860351562501
7115,-3.453767852783203,-5.776637420654297,1.0421328735351563
7182,0.5646258544921875,-6.164780273437501,-5.698948974609375
7251,2.7656488037109375,-5.843248901367188,-7.141349487304688
7315,-1.8145266723632814,-9.335786132812501,-1.0235714721679687
7382,2.9964688110351565,-11.071127471923829,-5.801785125732422
7450,-1.0407856750488282,-13.040132904052735,-0.6568341064453125
7515,-2.834355926513672,-11.89561294555664,-0.36823425292968753
7582,-0.9114546203613282,-9.927655334472657,-0.07529342651367188
7650,1.393751678466797,-7.634424133300782,-0.30985565185546876
7715,1.813179473876953,-6.785838775634766,-0.4093986511230469
7782,2.281106414794922,-7.707023162841797,-0.4010160827636719
7852,3.260370025634766,-9.453740844726562,-1.3775852966308595
7915,4.39530990600586,-12.81859359741211,-1.9113752746582031
7982,5.531896362304688,-16.310831451416018,-1.0538085937500001
8050,1.608255615234375,-9.991422729492188,0.4399351501464844
8115,1.7025595092773438,-10.141261138916017,0.03203338623046875
8182,-0.9572593688964844,-11.54159912109375,0.19025436401367188
8250,-4.079167327880859,-5.879772949218751,1.1395802307128906
8315,-1.560205535888672,-5.5853352355957036,-1.5449372863769533
8382,2.8407925415039066,-6.652017059326172,-9.063502349853517
8450,1.81302978515625,-13.036390686035157,-3.843706970214844
8515,1.5798147583007813,-9.09538604736328,-0.626297607421875
8582,1.7100439453125,-12.81859359741211,-1.8690133666992188
8652,-1.0074050903320313,-12.538226623535158,-0.5462141418457032
8715,0.4626878356933594,-10.621163177490235,0.6927593994140625
8782,1.9261944580078125,-7.639812927246094,-0.2389031982421875
8850,1.532662811279297,-7.218139801025391,-0.7420069885253907
8915,1.6172369384765626,-6.925947418212891,-0.4314028930664063
8982,2.604434051513672,-8.075556793212892,-0.9665400695800782
9051,3.580404510498047,-11.922706604003906,-1.4682966613769532
9115,7.789351959228516,-10.091414794921876,-6.831194458007813
9182,7.500752105712891,-13.873749389648438,-3.543431396484375
9250,1.6868421936035156,-7.8200381469726565,1.3046868896484376
9315,0.6917115783691407,-10.586585083007813,-0.5983058166503906
9382,-2.6297314453125002,-9.789792022705079,0.6361770629882812
9450,-2.6430537414550783,-5.220394134521484,-0.38215530395507813
9515,0.9560618591308594,-8.236172790527345,-2.575544128417969
9582,3.8321809387207035,-7.152725830078126,-9.301058349609375
9650,2.0507354736328125,-10.889854431152344,-2.946772155761719
9715,5.730982360839844,-10.610385589599609,-4.211941223144532
9782,0.42541534423828126,-11.813733215332032,-0.26689498901367187
9851,-0.3838018798828125,-10.299781494140625,-0.0963995361328125
9915,0.7940986633300782,-10.144554290771485,0.6619235229492187
9982,1.517095184326172,-7.917784881591797,-0.4327500915527344
10052,1.548380126953125,-6.802753601074219,-0.45655059814453125
10115,2.3071522521972656,-7.390431518554688,-0.5037025451660156
10182,2.8601023864746096,-8.275840301513671,-1.3605207824707033
10252,7.976163482666016,-11.643836517333986,-9.271719360351563
10315,5.5676719665527346,-12.280312957763673,-2.20341796875
10382,4.119283905029297,-11.083551635742188,1.6257691955566407
10452,1.1355386352539063,-8.950337677001954,0.19848724365234377
10515,-0.5601351928710938,-11.292367401123048,0.9217831420898438
10582,-2.498604125976563,-6.477779388427734,0.13801300048828125
10649,1.8091378784179688,-7.291187896728516,-0.669407958984375
10715,1.3082794189453126,-7.21185287475586,-4.156855773925781
10782,4.0725810241699225,-7.829917602539063,-8.460556182861328
10852,3.429368591308594,-10.856473846435547,-1.1533515930175782
10915,5.249583435058594,-16.078813934326174,-7.779771881103516
10982,0.7346722412109375,-9.458830261230469,0.12094848632812501
11050,0.511336669921875,-10.393486633300782,-0.008532257080078126
11115,2.082170104980469,-9.278006286621094,-0.209564208984375
11182,0.9357041931152345,-6.8937643432617195,-0.5894741821289062
11251,1.285975799560547,-6.901847534179688,-0.26794281005859377
11315,2.412383422851563,-8.550070037841797,-0.978215789794922
11382,3.121758270263672,-11.064690856933595,-1.400787048339844
11450,6.622827758789063,-10.015672302246093,-5.877976684570313
11515,5.776787109375,-15.549963684082032,-0.4064048767089844
11582,1.669178924560547,-8.824150085449219,0.6881190490722656
11652,0.02664459228515625,-10.306517486572266,-0.2347119140625
11715,-2.275867309570313,-8.877738647460937,0.44562332153320316
11782,-2.1076171875000003,-6.410868530273437,0.06601272583007813
11852,0.5167254638671875,-7.579787750244141,-3.1533425903320316
11915,4.169130249023437,-6.567293243408203,-9.488618316650392
11982,2.3340962219238284,-12.889096984863281,-0.9512718200683594
12052,7.493567047119141,-9.116192779541016,-10.453960876464844
12115,0.8074209594726562,-11.629616088867188,0.12214599609375
12182,-0.7523355102539063,-8.880882110595703,-0.2728825378417969
12252,0.7331753540039063,-10.425819396972656,-0.020357666015625
12315,1.9570303344726563,-8.678353271484376,-0.40969802856445314
12382,1.6853453063964845,-7.498057708740235,-0.5177732849121094
12451,2.1478834533691407,-7.285050659179688,-0.7590715026855469
12515,2.478396148681641,-7.563321990966798,-1.4033317565917969
12582,4.844974822998047,-11.810889129638673,-5.884413299560547
12651,5.841901702880859,-10.468780059814454,-2.339784393310547
12715,5.878425750732422,-12.768747253417969,0.8223898315429687
12782,1.4003379821777344,-7.958949279785156,0.5224136352539063
12852,0.10059082031250001,-9.99965560913086,-0.25956024169921876
12915,-2.4908203125,-9.060209197998047,0.3938310241699219
12982,-2.079176330566406,-6.410419464111328,-0.6267466735839844
13048,1.588796081542969,-7.830216979980469,-2.5283921813964847
13115,2.4254063415527347,-8.579109649658204,-5.875431976318359
13182,4.253105621337891,-9.493258666992189,-4.563709716796875
13248,4.3225611877441406,-10.422077178955078,-2.686014404296875
13315,3.131188659667969,-13.085787963867189,-1.736239471435547
13382,0.17259109497070313,-9.374705200195313,-1.3534854125976563
13451,1.6723223876953126,-9.41527084350586,-0.26075775146484376
13515,1.7980609130859375,-8.552764434814453,-0.2710862731933594
13582,1.2015513610839845,-7.369774475097657,-0.38619689941406254
13651,1.6449293518066408,-7.488327941894531,-0.3454815673828125
13715,2.4575894165039065,-7.903115386962891,-1.2566368103027343
13782,3.5122961425781254,-9.444310455322267,-2.465223541259766
13850,5.06831039428711,-12.438533935546875,-1.2361294555664064
13915,6.646628265380859,-14.401402130126954,-0.7318281555175782
13982,2.571801910400391,-8.515941009521486,0.7098239135742188
14051,0.841699676513672,-10.63912582397461,-0.0041912841796875
14115,-1.4861096191406251,-10.775342559814455,0.6709048461914063
14182,-2.681224365234375,-6.066135406494141,-1.137484588623047
14252,1.7943186950683594,-7.831115112304688,-2.3929238891601563
14315,2.6887088012695313,-7.585775299072266,-7.075935516357422
14382,2.5188121032714843,-7.445516967773438,-3.2027398681640626
14452,3.433859252929688,-11.082054748535157,-2.6914031982421878
14515,6.503825225830078,-14.803765411376954,-5.0410670471191406
14582,0.9743238830566406,-9.891580352783203,-0.1830693054199219
14652,0.7640112304687501,-10.374925231933593,-0.15298187255859375
14715,1.8010546875000002,-9.264085235595704,-0.3650907897949219
14782,1.4636563110351564,-7.5922119140625,-0.22647903442382813
14851,1.328038330078125,-7.451803894042969,-0.46882507324218753
14915,1.7982106018066406,-7.968828735351563,-0.6438111877441407
14982,2.4001089477539064,-8.376131744384766,-1.473835144042969
15050,6.1785516357421875,-11.41750717163086,-6.600075073242188
15115,4.901706848144531,-14.621743927001955,-0.7550299072265625
15182,4.493954772949219,-10.82309326171875,1.1557466125488283
15248,1.3057347106933594,-8.860075378417969,0.4004173278808594
15314,-0.20193008422851563,-10.859766998291017,1.3588742065429689
15382,-2.385140075683594,-8.48794921875,0.5679190063476562
15448,-0.396375732421875,-6.135740661621094,0.6054908752441407
15515,2.470312957763672,-7.098388824462891,-4.046834564208985
15582,3.1255004882812503,-5.727389831542969,-7.103777618408204
15650,1.8407221984863282,-9.867181091308595,-1.4325210571289064
15715,5.974226531982422,-10.37327865600586,-5.819747772216797
15782,5.426814880371094,-15.5436767578125,-2.5319847106933593
15849,1.333876190185547,-9.449100494384766,0.016914825439453125
15915,1.1061996459960939,-10.131681060791015,0.9419911193847657
15982,2.198328552246094,-8.815168762207032,0.0389190673828125
16052,1.033151550292969,-7.202721862792969,-0.46298721313476565
16115,1.6429833984375002,-7.068301391601563,-0.07708969116210938
16182,1.9760408020019533,-7.310348052978516,-0.8408015441894532
16252,3.0970596313476566,-10.79525115966797,-1.300345916748047
16315,5.832022247314454,-12.262200622558595,-2.525548095703125
16382,7.93754379272461,-14.286141815185548,-2.608325958251953
16451,2.3620880126953128,-7.703131256103516,0.8614585876464844
16515,0.6539900207519531,-12.026141510009767,0.5367837524414063
16582,-1.6911831665039063,-10.925929412841798,1.1091934204101563
16652,-2.281256103515625,-6.474037170410156,-1.141226806640625
16715,1.2982502746582032,-6.608158264160156,-2.460882568359375
16782,1.914668426513672,-6.642287292480469,-5.864804077148438
16852,1.730251922607422,-8.668324127197266,-3.28357177734375
16915,5.122797088623047,-9.981692962646484,-4.268523559570313
16982,5.0338819885253905,-11.767329711914064,-6.284680938720704
17052,0.086220703125,-12.1235888671875,0.010927276611328125
17115,-0.08786727905273438,-10.020911407470704,0.05313949584960938
17182,2.9171337890625,-10.187964019775391,-0.9120533752441407
17250,1.5578105163574218,-7.053033142089844,-0.47915359497070314
17315,1.6661851501464844,-6.897805938720704,-0.3725752258300781
17382,1.918260955810547,-7.248676300048828,-0.7849676513671875
17452,2.8695327758789064,-10.388846282958985,-1.1644285583496095
17515,7.0135153198242195,-10.186916198730469,-9.837842102050782
17582,5.847440185546875,-13.461057586669922,-2.4755520629882812
17652,2.818339233398438,-9.568103027343751,0.8605604553222657
17715,1.0156379699707032,-9.523944854736328,0.15283218383789063
17782,-1.0927276611328125,-10.68418212890625,0.8556207275390626
17852,-2.455493774414063,-7.2968760681152345,-0.28306137084960936
17915,0.9710307312011719,-7.543114013671875,-0.19160156250000002
17982,2.056872711181641,-7.219337310791016,-3.853137359619141
18050,3.310515747070313,-6.530619506835937,-6.922654266357422
18115,3.0424232482910156,-11.388617248535157,-1.1880793762207031
18182,6.716832275390625,-9.887688446044923,-7.614964599609375
18252,1.7750088500976564,-15.405514068603516,0.35131942749023437
18315,0.4788542175292969,-9.574090576171875,0.25222549438476566
18382,0.8994795227050781,-9.543254699707031,0.46418472290039064
18452,2.0779788208007814,-8.591234436035156,-0.46373565673828127
18515,2.040107574462891,-7.375612335205078,-0.264649658203125
18582,1.9510427856445314,-7.535479888916016,-0.43484573364257817
18652,2.578388214111328,-7.880213012695313,-0.6932084655761719
18714,5.200186157226563,-10.898536376953125,-5.641169128417969
18782,5.255720672607422,-10.629695434570314,-0.06032455444335938
18849,7.450606384277344,-16.084801483154298,-0.34218841552734375
18915,1.7729132080078125,-8.622669067382812,0.5393284606933594
18981,0.39787261962890624,-9.953102416992188,-0.22094055175781252
19052,-2.9023146057128906,-9.153016204833985,0.520767059326172
19115,-0.36179763793945313,-6.327042846679688,0.32841705322265624
19182,2.302811279296875,-7.661667480468751,-3.7441639709472656
19252,3.446283416748047,-5.075196075439453,-8.987310791015625
19315,1.3102253723144532,-11.066636810302734,-1.1808943176269533
19382,4.951702880859375,-10.365345153808594,-4.999303894042969
19452,2.5634193420410156,-14.6623095703125,-3.346740417480469
19514,-0.15328125,-9.028774566650391,0.11316467285156251
19582,0.46493316650390626,-10.972183227539062,-0.1435514831542969
19650,2.2372476196289064,-9.251361694335937,-0.35296600341796874
19715,1.4305751037597656,-6.602470092773438,-0.34742752075195316
19782,1.8600320434570314,-7.282805328369141,-0.14609619140625002
19848,2.6369165039062503,-8.290509796142578,-1.01309326171875
19915,5.764063568115235,-9.588460693359375,-8.343499603271486
19982,4.703369293212891,-12.353211364746095,0.4816983032226563
20049,7.782765655517578,-15.239359588623048,-1.6447796630859375
20115,2.0213964843750003,-7.693551177978516,0.6743476867675782
20182,0.9886940002441407,-9.960287475585938,-0.14953903198242188
20252,-2.932402038574219,-11.216624908447265,0.7126679992675782
20315,-1.047821044921875,-7.716303863525391,0.8352630615234375
20382,0.255069580078125,-6.032156066894531,-4.733905792236328
20450,2.419119415283203,-5.809269561767579,-6.521488494873047
20515,-0.07379653930664062,-8.759634246826172,-2.89557861328125
20582,4.264032897949219,-13.147759094238282,-5.048701171875
20652,3.725153503417969,-13.87285125732422,-5.234015808105469
20715,-0.988993377685547,-10.535840606689455,-0.6767427062988282
20782,0.052989807128906254,-8.934919738769532,-0.7990383911132813
20850,1.2801379394531252,-9.679321746826172,-0.9340576171875
20915,1.445244598388672,-7.407046966552735,-0.20657043457031252
20982,1.7161811828613283,-7.611970825195313,-0.18696121215820313
21052,2.54111572265625,-8.682694244384766,-0.8449928283691407
21115,3.266806640625,-9.527537384033204,-1.654808807373047
21182,7.1994287109375,-9.976902923583985,-11.399245147705079
21252,5.9709333801269535,-12.862302703857422,-2.5331822204589844
21315,2.6708958435058596,-9.205706634521485,0.8647517395019532
21382,1.285975799560547,-8.725205841064454,0.13980926513671876
21450,-1.4976356506347657,-11.010653228759766,0.5251080322265625
21515,-3.7949084472656254,-7.486381988525391,-0.03697311401367188
21582,0.18097366333007814,-6.377637634277344,-3.409310302734375
21651,3.661835174560547,-5.346881103515625,-9.39611068725586
21715,-0.011226654052734375,-8.13737823486328,-2.2215303039550784
21782,3.323688354492188,-13.712834014892579,-4.082460479736328
21851,2.7635531616210938,-15.095209350585938,-4.773872680664063
21915,-0.4650828552246094,-9.312135314941406,-0.5191204833984375
21982,0.7499404907226563,-8.425828399658204,-0.9605525207519532
22052,1.0327024841308594,-9.701625366210939,-0.9837542724609375
22115,1.4088702392578125,-7.422315216064454,-0.07514373779296875
22182,1.550775146484375,-7.324568481445313,0.08891510009765625
22250,2.4207659912109376,-8.317603454589845,-0.6462062072753907
22315,3.327280883789063,-10.332263946533203,-1.5614030456542969
22382,7.79384262084961,-9.667047271728515,-12.098291473388672
22448,7.252717895507812,-13.502521362304687,-2.2384451293945316
22515,2.489323425292969,-8.774603118896485,1.0806028747558594
22582,1.3391152954101564,-10.33061737060547,-0.1167572021484375
22648,-2.1727317810058593,-11.24746078491211,0.7682025146484376
22715,-3.4384996032714845,-6.481671295166016,0.33260833740234375
22782,0.6029461669921875,-6.748715972900391,-1.9538868713378907
22852,3.017874298095703,-6.809938659667969,-9.369466094970704
22915,1.1560459899902344,-8.752149810791016,-2.7306216430664065
22982,2.46447509765625,-10.691217498779297,-2.9903315734863285
23051,6.118077392578125,-10.93131820678711,-9.183552703857423
23115,-0.9493258666992188,-11.459719390869141,-0.6560856628417969
23182,-0.40775207519531254,-7.8850030517578125,-0.5548960876464843
23250,0.23665786743164063,-9.671687622070314,-1.26217529296875
23315,1.854942626953125,-8.744066619873047,-0.5774990844726563
23382,1.9354751586914063,-7.7865078735351565,-0.15238311767578125
23451,2.9834458923339846,-7.923473052978516,-0.35775604248046877
23515,3.194806365966797,-7.903863830566407,-1.7802479553222657
23582,3.0790969848632814,-11.471245422363282,-5.697601776123047
23649,5.369184722900391,-10.253377990722656,-0.738713836669922
23715,6.20354965209961,-13.15629135131836,-0.3754193115234375
23782,1.8992504882812502,-8.375982055664062,0.67300048828125
23851,0.9618997192382813,-11.009455718994142,-0.19474502563476564
23915,-3.3459919738769535,-9.844877471923828,0.599802703857422
23982,-3.368445281982422,-6.0095530700683595,0.08771759033203125
24051,0.6288423156738282,-7.4059991455078125,-3.266656951904297
24115,3.280128936767578,-6.037993927001954,-8.987610168457032
24182,-0.3776646423339844,-10.038275299072266,-0.17019607543945314
24251,4.8139892578125005,-11.382330322265625,-6.898255004882813
24315,4.120331726074219,-14.663956146240235,-4.16299301147461
24382,-0.35820510864257815,-9.108558654785156,-0.0975970458984375
24451,-1.357676696777344,-10.894195404052734,-0.18935623168945315
24515,2.6289830017089844,-10.288854217529297,0.0580792236328125
24582,1.781744842529297,-6.870263214111328,-0.2860551452636719
24651,2.022743682861328,-7.226821746826173,-0.20791763305664063
24715,2.342179412841797,-7.5998460388183595,-0.32721954345703125
24782,2.9738658142089847,-10.134076080322266,-1.821262664794922
24850,5.0569340515136725,-11.256292419433594,-4.733905792236328
24915,8.200247497558594,-14.084660797119142,-2.5364753723144533
24982,3.3121623229980472,-8.132139129638672,0.8655001831054688
25050,1.4808705139160157,-9.996661834716797,0.28635452270507816
25115,-2.325414276123047,-12.276271362304689,0.8637039184570313
25182,-3.9806721496582034,-6.538253631591798,0.28874954223632815
25251,1.2698094177246095,-6.892117767333985,-1.9607725524902344
25315,0.73527099609375,-6.285429382324219,-5.491330718994141
25382,3.3495845031738285,-7.381300506591797,-6.184688873291016
25451,0.34398468017578127,-10.97008758544922,-0.22962249755859376
25515,10.037077789306641,-10.280022583007813,-12.21220458984375
25582,0.0,-12.307406616210939,0.48289581298828127
25648,-1.0740165710449219,-8.503067779541016,-0.3986210632324219
25715,1.469344482421875,-9.193132781982422,-1.2789404296875
25782,1.2317884826660157,-8.120313720703125,-0.4578977966308594
25851,1.2759466552734375,-7.606731719970703,-0.08457412719726563
25915,2.029629364013672,-7.755971374511719,-0.10044113159179688
25982,2.770887908935547,-8.027955780029297,-0.8689430236816407
26051,3.467688903808594,-10.824889526367189,-1.7055532836914062
26115,6.240073699951172,-11.493549041748047,-3.540736999511719
26182,6.917564849853516,-13.821508026123048,-4.2080493164062505
26251,2.9458740234375003,-8.812923431396484,0.6248007202148438
26315,1.0955717468261719,-9.019044799804687,-0.06975494384765625
26382,-0.9303153991699219,-11.036100311279297,-0.011825408935546875
26450,-3.438948669433594,-8.02092041015625,-0.29264144897460936
26515,0.3603007507324219,-7.037465515136719,-3.2482452392578125
26582,2.680924987792969,-6.202950897216797,-7.742798767089844
26650,0.5773493957519532,-7.134164428710938,-2.7485842895507813
26714,2.1478834533691407,-10.228978729248047,-3.364703063964844
26782,3.8643640136718753,-10.172246704101562,-4.963977355957032
26851,0.7137158203125,-14.833852844238281,-1.088536376953125
26915,-1.1895762634277345,-9.526639251708986,0.06122268676757813
26982,-0.11810440063476563,-10.426118774414062,-0.6153703308105469
27049,1.2789404296875,-8.843160552978516,0.027991790771484375
27115,2.5478517150878908,-6.832691345214844,0.006586303710937501
27182,2.693049774169922,-8.604107666015626,-0.5445675659179687
27250,2.8632458496093753,-8.144114227294923,-1.5711328125000001
27315,3.207080841064453,-10.125992889404298,-3.1726524353027346
27382,4.707859954833984,-11.513457641601564,-0.611927490234375
27451,7.845634918212891,-13.407618713378907,-2.105072479248047
27515,1.8738034057617188,-9.135951690673828,-0.17184265136718752
27582,1.3419593811035158,-9.165590057373047,-0.19594253540039064
27650,-0.5553451538085937,-11.653865661621094,1.2048445129394532
27715,-3.6944673156738284,-7.440128173828126,0.18142272949218752
27782,-0.711171112060547,-7.114106140136719,-3.144211578369141
27850,3.882027282714844,-5.438490600585938,-13.555062103271485
27915,0.7002438354492188,-7.250472564697266,-2.7943890380859377
27982,2.363734588623047,-12.56038055419922,-2.468067626953125
28051,7.722141723632813,-14.392869873046875,-7.083419952392578
28115,-0.43798919677734377,-11.781250762939454,0.28380981445312503
28182,0.0437091064453125,-10.043813781738281,0.03263214111328125
28250,1.1273057556152344,-8.763077087402344,-0.9842033386230469
28315,0.9533674621582032,-7.387288055419922,-0.6292913818359376
28382,0.9678872680664063,-8.11866714477539,0.07170089721679689
28450,1.7809963989257813,-8.027207336425782,-0.24399261474609377
28515,2.9199778747558596,-8.848399658203125,-1.5049703979492188
28582,6.873556365966797,-11.301199035644531,-6.127358093261719
28650,4.772226104736329,-13.01738021850586,0.36479141235351564
28715,5.113666076660157,-11.084300079345704,1.059646453857422
28782,1.3016931152343751,-8.866511993408203,0.2677931213378906
28849,-0.1754351806640625,-10.480306091308595,0.47795608520507815
28915,-2.685415649414063,-7.716752929687501,0.2411485290527344
28982,1.1045530700683595,-8.059540100097657,-1.2458592224121094
29050,2.2971231079101564,-7.153623962402344,-6.767277374267579
29115,2.302511901855469,-5.9146504211425786,-4.579427032470703
29182,1.79865966796875,-11.540850677490235,-2.003284149169922
29251,5.225633239746094,-10.09500732421875,-8.845405883789063
29315,0.6301895141601562,-14.705719299316407,-2.115850067138672
29382,0.07379653930664062,-9.081914062500001,-0.10612930297851562
29450,0.9168434143066406,-9.162895660400391,-0.5162763977050782
29515,1.417552185058594,-9.082063751220703,-0.5899232482910156
29582,1.157842254638672,-7.661218414306641,-0.15163467407226563
29650,1.5169454956054689,-8.023914184570312,-0.32781829833984377
29715,2.1151016235351565,-7.995473327636719,-1.0208770751953125
29782,3.7655694580078127,-9.531878356933595,-4.449048156738281
29850,4.136498107910157,-12.585677947998047,-1.939666442871094
29915,6.906338195800782,-14.432986450195314,-2.740800476074219
29982,2.3308030700683595,-8.48405731201172,0.8050259399414063
30050,1.173409881591797,-8.47552505493164,-0.19549346923828126
30115,-2.0743862915039064,-11.321107635498047,0.26539810180664064
30182,-3.6775524902343752,-6.7874853515625,-0.13921051025390627
30252,0.7150630187988282,-7.426506500244141,-2.815046081542969
30315,2.8515701293945312,-6.208040313720703,-7.936945037841797
30382,1.2088861083984375,-7.771539001464844,-2.7428961181640625
30450,2.002386016845703,-11.23309066772461,-1.4265335083007813
30515,6.761439514160156,-12.497361602783204,-8.59138412475586
30582,1.7640815734863282,-13.302237854003907,0.33545242309570317
30650,1.4043795776367187,-8.260871429443359,-0.47196853637695313
30715,2.0839663696289064,-9.454638977050783,-0.4812492370605469
30782,1.107846221923828,-8.155490570068359,-0.26494903564453126
30850,0.8770262145996094,-7.242239685058594,-0.47496231079101564
30915,1.2928614807128906,-6.896608428955078,-0.28740234375
30982,2.4433689880371094,-8.8280419921875,-1.0300080871582031
31050,5.3193383789062505,-10.270143127441406,-6.669530639648438
31115,4.626878356933594,-11.512409820556641,0.09026229858398438
31182,5.674699401855469,-12.960947570800782,0.5676196289062501
31250,1.4617103576660158,-8.768765258789063,0.21450393676757815
31315,-0.5774990844726563,-10.400821380615234,0.3972738647460938
31382,-2.602338409423828,-8.819210357666016,0.6595285034179688
31450,1.3989907836914064,-7.529492340087891,-1.6875906372070313
31515,3.022215270996094,-7.177723846435547,-7.1648506164550785
31582,1.7458195495605469,-6.755302276611329,-3.9472915649414064
31650,1.1141331481933594,-10.159822540283203,-1.0367440795898437
31715,4.91502914428711,-10.668165435791016,-6.2580363464355475
31782,3.6839891052246094,-15.251035308837892,-2.970722351074219
31850,0.8231382751464844,-8.791368255615234,0.14385086059570312
31915,0.7864645385742188,-9.105265502929688,-0.10029144287109376
31982,1.8290464782714844,-9.42769500732422,-0.6102809143066407
32050,1.1168275451660157,-6.938521270751954,-0.44996429443359376
32115,1.3489947509765625,-7.490124206542969,-0.4843927001953125
32182,1.8345849609375,-8.249944152832033,-1.011895751953125
32250,2.2912852478027346,-10.39677978515625,-2.568808135986328
32315,5.302423553466797,-11.817625122070313,-2.925216979980469
32381,6.820865936279297,-12.211156768798828,-3.507057037353516
32450,2.725232849121094,-9.202263793945313,0.7584727478027344
32515,0.7619155883789063,-9.2495654296875,-0.23171813964843752
32582,-2.890938262939453,-11.107052764892579,0.3001258850097656
32650,-4.39530990600586,-7.723339233398438,0.8946894836425782
32715,0.6042933654785156,-6.675518188476563,-5.500910797119141
32782,1.139729919433594,-6.5132556152343755,-5.181774444580078
32850,0.1598675537109375,-7.785160675048829,-2.870281219482422
32915,1.628463592529297,-11.812236328125001,-2.446362762451172
32982,5.438640289306641,-8.531358947753906,-8.45965805053711
33050,0.7382647705078126,-16.28478561401367,-0.6054908752441407
33115,-0.7134164428710937,-10.461145935058594,0.20836669921875
33182,-0.290994873046875,-10.140812072753906,1.0783575439453126
33250,2.217638397216797,-8.260572052001953,0.05748046875
33315,1.973346405029297,-7.008425903320313,-0.1389111328125
33381,2.814746704101563,-8.285570068359375,-0.23486160278320314
33448,2.9062065124511722,-7.990383911132813,-0.6521937561035157
33515,2.8231292724609376,-11.750564575195312,-5.8335191345214845
33582,5.099595336914063,-9.60732147216797,-1.1091934204101563
33648,7.499105529785156,-15.175592193603517,-1.5093113708496095
33715,1.6796571350097658,-8.28242660522461,0.7159611511230469
33782,0.2884501647949219,-11.577823791503906,0.0814306640625
33849,-3.271297302246094,-7.699688415527344,0.6890171813964844
33915,0.8259823608398438,-7.358547821044922,-0.03697311401367188
33982,1.3678555297851562,-8.59767105102539,-5.316943359375
34051,2.222578125,-6.024821319580078,-4.561314697265625
34115,1.2446617126464845,-9.823022918701172,-1.2933105468750001
34182,4.59649154663086,-9.610614624023437,-5.347779235839844
34252,5.2751802062988284,-12.789404296875,-6.711742858886719
34315,1.4121633911132814,-12.395273895263673,0.2740800476074219
34381,-0.8060737609863282,-9.54070999145508,0.22707778930664063
34451,1.5977774047851563,-9.454938354492189,0.20851638793945312
34515,1.0578501892089844,-9.472751312255859,-0.5870791625976562
34582,2.2996678161621094,-7.5488021850585945,-0.10463241577148438
34651,2.457140350341797,-7.791597290039063,-0.6304888916015625
34715,2.1621038818359377,-6.743776245117187,-5.969436492919923
34782,3.097957763671875,-10.503807220458985,0.49217651367187504
34850,4.948260040283204,-10.835218048095705,-1.7540524291992188
34915,6.302643585205079,-15.221995697021486,-1.7176780700683594
34982,1.428629150390625,-7.687413940429688,0.6018983459472657
35050,1.1970606994628907,-11.219618682861329,-0.5852828979492187
35115,-4.307442626953125,-11.083401947021486,0.3538641357421875
35182,-1.0594967651367189,-7.370672607421875,0.30386810302734374
35250,-0.4692741394042969,-7.05138656616211,-4.032913513183594
35315,2.8066635131835938,-6.336173858642579,-8.921597442626954
35382,-0.07604187011718751,-8.451874237060547,-1.1942166137695314
35450,2.302960968017578,-9.295669555664062,-4.113595733642578
35515,4.501888275146484,-9.681716766357422,-5.832621002197266
35582,2.3932232666015625,-14.312636718750001,-0.6527925109863282
35650,1.4985337829589844,-10.21191421508789,-0.0724493408203125
35715,1.2765454101562501,-9.91822494506836,0.9533674621582032
35782,2.0484901428222657,-8.263715515136719,-0.015717315673828124
35850,1.1885284423828126,-7.4784484863281255,-0.5008584594726563
35915,1.7312997436523438,-8.217611389160156,-0.26659561157226563
35982,2.1320164489746096,-7.449708251953125,-0.6950047302246094
36050,2.592159576416016,-9.26633056640625,-1.3644126892089845
36115,4.913681945800781,-11.95444061279297,-3.270249481201172
36182,7.155719604492188,-14.130764923095704,-3.3799713134765628
36250,3.2540830993652343,-10.117760009765625,0.9797126770019532
36315,0.9467811584472656,-8.068222045898438,0.5501060485839844
36382,-1.8890716552734377,-11.342513122558595,-0.32587234497070316
36450,-4.721631317138672,-6.987469482421876,-0.23246658325195313
36515,0.3330574035644531,-7.7073225402832035,-0.9499246215820313
36582,1.9583775329589845,-6.903643798828125,-7.44895980834961
36650,2.290686492919922,-7.602390747070313,-3.892505493164063
36715,3.001857604980469,-11.046578521728517,-1.7417779541015626
36782,4.777315521240235,-14.022539978027345,-3.074007568359375
36850,3.4489778137207034,-11.454629974365234,0.2920426940917969
36915,1.295555877685547,-9.766739959716798,-0.9618997192382813
36982,2.2635928344726564,-8.78298568725586,0.39233413696289066
37050,1.5043716430664062,-7.527247009277344,0.3698808288574219
37115,0.6623725891113281,-8.394244079589845,-0.3737727355957031
37182,1.294208679199219,-7.843090209960938,-0.125738525390625
37250,1.560355224609375,-7.4292008972167976,-0.944835205078125
37315,2.4562422180175782,-11.165431365966798,-1.0918295288085937
37382,7.137158203125001,-9.844578094482422,-12.05458236694336
37450,5.975424041748047,-14.534026336669923,1.6241226196289062
37515,1.5820600891113281,-8.126900024414063,0.48618896484375
37582,-0.7598199462890626,-9.657916259765626,0.47496231079101564
37650,-3.2275881958007813,-10.120903472900391,0.6018983459472657
37715,-0.26659561157226563,-7.65493148803711,1.0484197998046876
37782,1.3250445556640627,-6.743327178955078,-3.6968623352050782
37848,2.2541624450683595,-6.491251373291016,-5.550457763671876
37914,1.5199392700195313,-8.496331787109375,-2.5953030395507812
37981,4.077969818115235,-10.553503875732423,-2.319277038574219
38050,5.591771850585938,-15.408208465576173,-5.940696258544922
38115,0.6259982299804688,-11.90130111694336,-0.7490423583984376
38182,1.44898681640625,-9.233997802734375,-0.7523355102539063
38250,1.6887881469726564,-9.027127990722656,-0.10642868041992189
38315,1.0181826782226564,-8.21731201171875,-0.08607101440429688
38382,1.3983920288085938,-7.822133789062501,-0.41284149169921874
38450,1.696721649169922,-8.149353332519532,-0.7071295166015625
38515,2.2553599548339847,-7.896678771972657,-1.532662811279297
38582,2.9130921936035157,-11.06259521484375,-5.6570361328125
38650,5.1799781799316404,-11.09178451538086,-0.18067428588867188
38715,7.92511962890625,-14.822027435302735,-1.7281562805175783
38782,2.1929397583007812,-8.43959976196289,0.5421725463867187
38850,0.3305126953125,-9.797875213623048,-0.5813909912109375
38915,-2.4242088317871096,-11.42469223022461,-0.23620880126953125
38982,-2.0538789367675783,-6.793772277832032,0.39128631591796875
39048,0.137713623046875,-7.528893585205078,-3.2262409973144535
39115,2.8160939025878906,-6.586154022216797,-8.121211853027344
39182,1.0689271545410157,-7.791148223876953,-2.708168334960938
39250,2.4867787170410156,-9.363478546142579,-3.369642791748047
39315,4.447102203369141,-9.994266815185547,-4.558769989013672
39382,3.4828074645996097,-16.596138153076172,-2.8098069763183595
39450,0.7640112304687501,-8.556057586669922,-0.11885284423828125
39515,1.2259506225585939,-9.921667785644532,-0.33365615844726565
39582,1.7839901733398438,-9.156758422851563,-0.6355783081054688
39650,0.9919871520996094,-8.111033020019532,-0.40311172485351565
39715,0.9490264892578125,-8.182883605957032,-0.2763253784179688
39782,1.5724800109863282,-7.955057373046875,-0.6845265197753907
39850,2.4746539306640627,-8.69960906982422,-1.3970448303222658
39915,5.826034698486328,-10.74974578857422,-6.8075436401367195
39981,4.360881500244141,-11.282338256835938,0.33769775390625
40050,8.072263641357422,-13.64008529663086,-1.9335292053222657
40115,2.7354116821289063,-8.835825805664063,0.6334826660156251
40182,1.0325527954101563,-9.549541625976563,-0.19115249633789064
40250,-1.7423767089843751,-10.908715209960938,0.05822891235351563
40315,-2.8123516845703125,-7.090006256103516,0.14160552978515625
40382,0.5307962036132813,-8.05729476928711,-3.2864158630371096
40450,2.199526062011719,-6.444249114990234,-6.774911499023438
40515,1.5664924621582033,-6.645131378173828,-3.6112403869628906
40582,1.9803817749023438,-8.978030090332032,-2.0383113098144534
40649,4.491260375976562,-11.983180847167969,-4.772824859619141
40715,4.790188751220703,-15.305072937011719,-4.110152893066407
40782,0.6710545349121094,-9.68021987915039,-0.6991960144042969
40850,0.7482939147949219,-9.815987548828126,-0.26884094238281253
40915,1.1156300354003907,-9.67632797241211,-0.525706787109375
40981,0.30222152709960937,-7.993227996826172,-0.4827461242675781
41050,1.226100311279297,-8.280181274414064,-0.41344024658203127
41115,2.3107447814941406,-8.49842742919922,-1.1653266906738282
41182,3.4214350891113283,-8.037835235595704,-2.152673492431641
41250,5.568570098876953,-9.29267578125,-1.7048048400878908
41315,4.722828826904297,-10.844498748779298,-1.169817352294922
41382,7.407645721435547,-15.296690368652344,-2.185754699707031
41449,2.8762687683105472,-10.707832946777344,0.8708889770507813
41515,0.8958869934082032,-7.322173461914063,0.18097366333007814
41582,-1.7137861633300782,-11.265273742675781,0.23665786743164063
41649,-5.2382070922851565,-8.216114501953125,1.9526893615722658
41715,-1.6323554992675782,-7.011269989013672,-3.3880545043945314
41782,2.947819976806641,-6.642736358642578,-10.414293365478516
41850,-0.15837066650390627,-6.638096008300781,-2.7187962341308594
41915,0.781973876953125,-9.046138458251953,-2.9398864746093754
41981,2.987786865234375,-11.275153198242188,-5.463787994384766
42050,5.246290283203125,-12.981305236816407,-5.443280639648438
42115,-0.6640191650390626,-12.19109848022461,-0.8744815063476563
42182,-3.233426055908203,-8.386310577392578,0.35595977783203125
42250,-2.6625132751464844,-10.251731414794923,-0.8183482360839844
42315,-0.279019775390625,-9.591454467773438,-0.44682083129882816
42382,1.9431092834472656,-8.470285949707032,0.08307723999023438
42450,3.0861323547363284,-8.673263854980469,0.20447479248046876
42514,3.437601470947266,-8.671168212890626,-0.5046006774902344
42582,4.131259002685547,-8.772507476806641,-3.040327606201172
42649,4.385430450439453,-11.11857879638672,-0.7864645385742188
42715,5.202880554199219,-13.080399169921876,-3.3904495239257812
42782,1.5299684143066408,-10.258617095947265,-1.8823356628417969
42847,1.1984078979492188,-8.403824157714844,0.6312373352050782
42915,1.3064831542968751,-10.751092987060547,0.14879058837890627
42982,-3.6717146301269534,-9.868977355957032,0.26794281005859377
43048,-2.4800427246093752,-6.755152587890626,-0.980610809326172
43115,-0.202379150390625,-7.290289764404298,-6.08379867553711
43182,2.908302154541016,-5.433999938964844,-6.135890350341797
43249,0.18815872192382813,-9.801168365478516,-0.9104067993164063
43315,2.5298890686035156,-10.200238494873048,-4.059109039306641
43382,5.232818298339844,-15.540233917236328,-4.652325439453125
43449,0.5942642211914063,-10.215955810546875,0.3746708679199219
43515,0.44622207641601563,-10.299182739257812,0.536484375
43582,1.6122972106933595,-8.973389739990235,-0.07469467163085938
43649,0.688568115234375,-7.368277587890625,-0.5499563598632813
43715,0.6599775695800781,-7.967331848144531,-0.31988479614257814
43782,1.773511962890625,-8.352929992675781,-0.5501060485839844
43850,2.7994784545898437,-8.487051086425781,-1.4771282958984375
43915,5.050497436523438,-11.602971496582033,-6.0059605407714844
43982,4.343367919921875,-10.676398315429688,-0.3944297790527344
44048,5.75523193359375,-13.108091583251953,0.40430923461914064
44115,1.632056121826172,-7.12039306640625,0.43619293212890625
44182,0.4763095092773438,-10.149044952392579,-0.5072950744628907
44249,-2.605332183837891,-10.814261627197267,0.21570144653320314
44315,-2.921774139404297,-6.7544041442871094,-0.2221380615234375
44382,0.6412664794921875,-7.4889266967773445,-2.7725344848632814
44449,3.7423677062988285,-6.4113175964355476,-8.324489135742187
44515,1.2090357971191408,-8.588240661621095,-2.5333319091796875
44582,2.6825715637207033,-10.069410552978516,-3.2256422424316407
44649,6.291716308593751,-11.092233581542969,-6.423292694091797
44715,1.0346484375,-13.72915008544922,-0.508941650390625
44782,-0.04999603271484375,-9.16708694458008,-0.0724493408203125
44850,0.8322692871093751,-9.676627349853517,0.2613565063476563
44915,1.3690530395507814,-9.229058074951173,-0.4577481079101563
44982,1.5164964294433594,-7.968379669189454,-0.3092568969726563
45050,1.9125727844238283,-8.07211395263672,-0.45759841918945315
45115,2.0517832946777346,-7.527097320556641,-0.8978329467773438
45182,2.8072622680664066,-10.043215026855469,-4.734205169677734
45249,3.6169285583496094,-12.164902954101564,-0.45999343872070314
45315,5.365741882324219,-11.446995849609376,-2.305206298828125
45382,4.493056640625,-11.650422821044922,0.34278717041015627
45449,1.1870315551757813,-8.30308364868164,0.3787124633789063
45514,0.18037490844726564,-10.48105453491211,-0.17962646484375
45582,-4.076173553466797,-9.707912292480469,0.5827381896972657
45650,-0.23920257568359377,-7.3832464599609375,-0.16839981079101562
45715,0.7810757446289063,-7.726033630371094,-2.698887634277344
45782,3.7868252563476563,-6.667285308837891,-8.140521697998047
45850,1.9091299438476563,-9.71030731201172,-2.9307554626464847
45915,2.3807991027832034,-9.484876098632814,-1.558858337402344
45982,5.9320143127441405,-11.925401000976564,-6.952592010498047
46050,1.2648696899414062,-11.08025848388672,-0.35820510864257815
46115,0.1191522216796875,-9.562115478515626,-0.9168434143066406
46182,1.2290940856933594,-9.631421356201173,-0.40655456542968754
46249,1.4193484497070312,-8.527766418457032,-0.08652008056640625
46315,1.627266082763672,-7.913743286132813,-0.35131942749023437
46382,1.7654287719726562,-8.368048553466798,-0.7180567932128906
46449,1.7178277587890627,-7.649542694091798,-0.8469387817382813
46515,1.7860858154296877,-10.484796752929688,-4.81159423828125
46582,3.467389526367188,-12.527598724365236,-0.5361849975585937
46649,6.394103393554688,-14.797927551269533,-1.4215937805175782
46715,2.788102111816406,-8.809031524658204,0.4992118835449219
46782,0.8210426330566407,-9.132508850097656,-0.29234207153320313
46850,-2.4539968872070315,-11.53007308959961,0.11226654052734375
46915,-3.7447627258300784,-7.905360717773438,0.29832962036132815
46982,-0.14325210571289063,-7.363487548828125,-2.6876609802246096
47050,2.0549267578125,-6.638694763183594,-6.431974639892578
47115,1.6714242553710938,-7.369026031494141,-3.783083038330078
47182,2.302960968017578,-10.755733337402344,-2.5999433898925783
47250,4.419559478759766,-10.066865844726562,-5.3792138671875005
47315,2.5303381347656253,-15.193704528808594,-1.6792080688476563
47382,0.9666897583007813,-8.576115875244142,-0.5960604858398438
47449,1.3180091857910157,-8.758287048339843,-0.6457571411132813
47515,1.9871177673339844,-9.667646026611328,-0.4962181091308594
47582,1.1934681701660157,-8.007298736572267,-0.1694476318359375
47649,0.9607022094726563,-8.241561584472656,-0.5581892395019532
47714,1.3689033508300783,-8.05534881591797,-0.5396278381347657
47782,2.338437194824219,-8.403973846435548,-1.6426840209960938
47850,4.410877532958985,-11.558663635253907,-6.211932220458984
47915,4.878505096435547,-11.471844177246094,0.23261627197265627
47982,5.586233367919922,-12.21220458984375,1.155596923828125
48049,1.3588742065429689,-7.948171691894531,0.38470001220703126
48115,-0.324525146484375,-9.4124267578125,-0.0718505859375
48182,-3.7823345947265627,-10.010133819580078,0.6890171813964844
48249,0.987945556640625,-8.412955169677735,-0.3400927734375
48315,1.0243199157714844,-7.644303588867188,-4.008214874267578
48382,3.180735626220703,-6.434519348144532,-6.900350646972656
48449,1.450184326171875,-9.423054656982423,-1.350641326904297
48515,4.452191619873047,-9.972861328125001,-5.076543273925782
48582,3.184328155517578,-15.56568099975586,-3.8978942871093754
48649,0.5180726623535157,-10.262059936523437,-0.39547760009765626
48714,1.4209950256347657,-9.141190795898439,-0.7072792053222656
48782,1.2054432678222657,-9.715696105957031,-0.5152285766601563
48849,1.1255094909667969,-8.123756561279297,-0.32213012695312504
48915,1.2377760314941406,-8.18467987060547,-0.49951126098632814
48982,1.5477813720703126,-8.199199676513672,-0.7824229431152344
49050,2.392325134277344,-8.520132293701172,-1.7883311462402345
49115,3.7224591064453127,-11.369756469726562,-4.064048767089844
49182,3.485651550292969,-9.833501129150392,-0.9981243896484375
49250,5.738167419433594,-13.038486328125,0.2710862731933594
49315,1.8890716552734377,-9.353000335693359,0.49786468505859377
49382,0.0058378601074218755,-8.856183471679689,-0.16720230102539063
49449,-2.9773086547851566,-10.018217010498047,-0.05358856201171875
49515,-3.0216165161132813,-7.838599548339844,0.2912942504882813
49582,0.5662724304199219,-8.169710998535157,-4.131109313964844
49649,1.8071919250488282,-6.760391693115235,-6.127058715820313
49715,0.8446934509277344,-8.061036987304687,-1.631906433105469
49782,2.6701473999023437,-9.347162475585938,-3.2394136047363284
49849,5.804629211425781,-11.44100830078125,-4.614304504394531
49915,4.129313049316407,-15.187866668701172,-1.8019528198242187
49982,-0.011975097656250001,-8.096363525390625,-0.7964936828613282
50047,-0.8252339172363282,-9.751621398925781,0.37077896118164066
50115,-0.47660888671875,-9.85266128540039,-0.5322930908203125
50182,0.3706292724609375,-8.314909057617188,-0.354462890625
50249,1.999691619873047,-8.819809112548828,-0.5779481506347657
50315,2.6481431579589847,-8.731043701171876,-1.3748908996582032
50382,3.6308496093750002,-8.215665435791015,-0.9467811584472656
50450,5.905220031738281,-9.039402465820313,-2.6542803955078127
50515,4.7380970764160155,-10.13332763671875,-1.5308665466308595
50582,4.063749389648438,-14.778318328857422,-1.5646961975097657
50648,1.2166699218750001,-9.067244567871095,0.4977149963378906
50715,-0.1968406677246094,-9.882000274658203,-0.13322296142578124
50782,-4.450994110107422,-9.282796325683595,-0.4752616882324219
50850,-1.2145742797851564,-7.727380828857422,-1.30049560546875
50915,1.781595153808594,-8.45965805053711,-9.388476562500001
50982,0.5295986938476562,-6.873256988525391,-3.573069763183594
51050,0.00269439697265625,-8.541388092041016,-1.8733543395996095
51115,2.126627655029297,-8.91755584716797,-2.308948516845703
51182,2.3294558715820313,-10.417586517333985,-3.1844778442382813
51249,7.608977050781251,-13.83647689819336,-6.077062683105469
51315,2.2510189819335937,-12.865146789550781,1.1033555603027345
51382,1.2934602355957032,-7.844886474609376,-1.0575508117675783
51449,1.214125213623047,-8.946745147705078,0.21615051269531252
51515,0.16166381835937502,-9.727521514892578,0.7253915405273438
51582,-1.8175204467773438,-8.783883819580078,-0.9960287475585938
51649,0.9225315856933595,-8.876840515136719,-0.7349716186523438
51715,2.8934829711914065,-7.773934020996094,-2.0442988586425783
51782,5.199886779785157,-8.965306549072267,-3.7441639709472656
51849,4.186344451904297,-11.188782806396485,-0.07020401000976563
51915,5.691614227294922,-13.256133728027345,-2.669099578857422
51982,3.5402879333496093,-10.346184997558595,1.0062075805664064
52049,1.317111053466797,-9.665101318359376,0.0
52115,-1.7339941406250001,-10.024503936767578,0.16854949951171877
52182,-3.278632049560547,-7.8234809875488285,-0.24054977416992188
52249,0.30326934814453127,-7.945477294921876,-2.189796295166016
52315,3.623514862060547,-6.876999206542969,-7.125931549072266
52382,0.7716453552246094,-7.492219848632813,-1.881287841796875
52449,2.242486724853516,-9.408534851074219,-2.5295896911621094
52515,4.3349853515625005,-10.659333801269533,-3.434308319091797
52582,5.190157012939453,-14.225817260742188,-1.14242431640625
52649,1.836680603027344,-9.008865966796876,-2.1806652832031252
52715,2.2876927185058595,-8.908873901367189,-0.8623567199707032
52782,2.318977661132813,-8.873397674560547,0.7937992858886719
52850,0.5249583435058593,-9.506131896972656,0.07259902954101563
52915,0.5560935974121094,-8.561296691894531,-0.39308258056640627
52982,1.8538948059082032,-8.531808013916017,-0.5038522338867187
53051,3.4542169189453125,-7.215894470214844,-3.8481976318359377
53115,3.3880545043945314,-10.459199981689453,-0.17274078369140625
53182,4.1799078369140625,-11.342213745117188,-1.2307406616210939
53250,6.709347839355469,-14.357393646240235,-2.7268794250488284
53315,3.0793963623046876,-9.131610717773437,0.34712814331054687
53382,1.3139675903320314,-9.24238037109375,0.14055770874023438
53449,-1.4386582946777344,-11.524833984375,0.5845344543457032
53515,-2.9699739074707034,-7.715555419921875,-0.6807843017578126
53582,0.2082170104980469,-7.169490966796875,-2.3077510070800784
53649,3.9664517211914063,-7.561376037597657,-7.516918487548828
53715,0.87897216796875,-7.895930328369141,-1.0071057128906251
53782,1.8823356628417969,-7.9980180358886726,-1.4732363891601563
53850,5.397475891113282,-10.014923858642579,-3.909719696044922
53915,4.426295471191406,-11.088341674804688,-0.9116043090820313
53981,4.693190460205078,-13.035193176269532,-2.528691558837891
54049,0.6674620056152344,-9.024732971191407,-1.7871336364746095
54115,2.2579046630859376,-9.226213989257813,0.7134164428710937
54182,1.1937675476074219,-10.055639190673828,0.18681152343750002
54250,0.6304888916015625,-8.627159729003907,-0.4032614135742188
54315,1.7559983825683594,-8.339308319091797,-0.6081852722167969
54381,3.4350567626953126,-7.362439727783204,-3.2219000244140625
54449,3.3500335693359378,-8.638685760498047,-0.6206094360351563
54515,3.5869908142089844,-10.710078277587892,-1.1234138488769532
54581,4.918771362304688,-9.019194488525391,-2.249222717285156
54648,6.584956512451172,-14.195131072998048,-0.5267546081542969
54715,2.156715087890625,-8.682544555664062,0.6002517700195312
54781,0.9960287475585938,-9.810598754882813,-0.290994873046875
54848,-2.4372317504882814,-10.720107421875001,0.21630020141601564
54915,-1.6687298583984376,-7.403903503417969,-0.5263055419921875
54981,0.5694158935546876,-8.698112182617187,-2.092947692871094
55049,4.788841552734375,-5.815556488037109,-9.716893615722658
55115,1.6706758117675782,-8.156987457275392,-1.712289276123047
55181,2.145488433837891,-8.085585937500001,-2.010319519042969
55249,4.658163299560547,-9.274862823486329,-4.351151733398438
55315,4.605472869873047,-12.26818817138672,-4.333189086914063
55381,2.0507354736328125,-12.583731994628907,-0.3632945251464844
55450,1.5582595825195313,-9.222920837402345,-1.3287867736816408
55515,1.951641540527344,-8.741970977783204,-0.35595977783203125
55581,1.785337371826172,-9.183403015136719,-0.147293701171875
55651,1.9784358215332032,-8.73029525756836,-0.34637969970703125
55715,2.440375213623047,-9.005123748779297,-0.5899232482910156
55781,2.353106689453125,-8.109386444091797,-1.3569282531738283
55847,1.693129119873047,-8.61533432006836,-4.101321258544922
55915,3.8155654907226566,-12.497361602783204,-0.7253915405273438
55981,5.346282348632813,-11.166329498291017,-2.6276358032226566
56050,4.681215362548828,-12.576397247314453,0.9741741943359375
56115,1.2973521423339844,-8.627159729003907,0.2881507873535156
56181,-0.4692741394042969,-11.624975738525391,0.27812164306640624
56249,-3.8339772033691406,-8.585246887207031,0.5038522338867187
56314,-0.12439132690429688,-8.043074340820313,-1.3437556457519533
56382,1.8675164794921877,-7.2036199951171875,-5.893095245361328
56449,1.9203565979003907,-6.734495544433594,-3.963457946777344
56515,1.900298309326172,-9.993218994140625,-1.815125427246094
56581,4.902006225585938,-10.000553741455079,-4.910239105224609
56650,3.5305581665039063,-15.973582763671876,-2.135309600830078
56715,2.145787811279297,-8.388855285644532,-0.4972659301757813
56782,1.6540603637695312,-9.476792907714843,-0.4421804809570313
56849,1.9896624755859376,-9.607022094726563,-0.20672012329101563
56915,1.6259188842773438,-8.129744110107422,-0.3598516845703125
56981,1.3928535461425782,-8.121062164306641,-0.4195774841308594
57048,2.062860260009766,-7.969876556396485,-0.6372248840332032
57115,2.406695251464844,-8.477770385742188,-1.2883708190917968
57181,2.908601531982422,-10.408455505371094,-5.428760833740235
57251,4.50024169921875,-10.520572357177734,0.12034973144531251
57314,6.859934692382813,-13.733940124511719,-0.9955796813964845
57381,2.967129821777344,-9.133856048583985,0.2556683349609375
57449,0.9529183959960938,-9.634115753173829,-0.28949798583984376
57515,-2.9559031677246095,-11.163934478759765,0.30326934814453127
57581,-3.667822723388672,-6.89810531616211,0.19534378051757814
57650,0.2315684509277344,-7.759414215087891,-2.6797274780273437
57715,4.198169860839844,-6.033353576660157,-7.764803009033203
57781,1.1054512023925782,-7.9837976074218755,-1.68848876953125
57849,4.009412384033204,-9.097332000732422,-3.8252952575683596
57915,5.253625030517578,-9.69309310913086,-5.185816040039063
57981,3.3940420532226563,-14.967524871826173,-1.0163864135742189
58049,1.512155456542969,-7.992329864501953,0.04879852294921875
58115,1.9383192443847657,-9.785151672363282,-0.1490899658203125
58181,1.7551002502441406,-9.71854019165039,-0.18486557006835938
58249,1.6293617248535157,-8.090675354003906,-0.11466156005859375
58315,1.398541717529297,-8.444090423583985,-0.3629951477050781
58382,2.092798004150391,-8.086184692382814,-0.8228388977050781
58449,1.9372714233398438,-8.962911529541016,-7.481292572021485
58515,4.2504112243652346,-12.718152465820314,0.41388931274414065
58581,6.0167381286621096,-9.780361633300782,-2.7343638610839847
58649,6.140231323242188,-13.530513153076173,-0.3757186889648438
58715,1.853595428466797,-8.627010040283203,0.7920030212402344
58781,-0.23246658325195313,-9.06993896484375,-0.09864486694335937
58849,-3.1928604125976565,-8.879834289550782,0.24069946289062502
58915,-0.11780502319335938,-8.667875061035156,0.8491841125488282
58981,1.7574952697753907,-8.363258514404297,-6.167474670410156
59049,1.4832655334472657,-6.307733001708985,-4.00881362915039
59115,0.9767189025878906,-9.332043914794923,-1.4665003967285157
59182,4.198918304443359,-10.12659164428711,-4.439168701171875
59249,4.641697540283204,-13.762530670166017,-5.8194483947753906
59315,1.0750643920898437,-10.825039215087891,-0.007035369873046876
59382,1.4443464660644532,-9.68441116333008,-0.8267308044433594
59449,1.8269508361816407,-9.244476013183593,-0.15178436279296875
59515,1.7013619995117188,-8.50800750732422,-0.20836669921875
59581,1.6923806762695313,-8.297844543457032,-0.6692582702636719
59649,1.6637901306152345,-7.864645385742188,-0.5225633239746094
59715,1.9366726684570315,-7.698341217041016,-0.8822653198242187
59781,2.393672332763672,-9.590706024169922,-1.495689697265625
59849,4.00447265625,-11.67377426147461,-5.398972778320313
59915,7.116800537109375,-14.732513580322266,-1.184187469482422
59981,3.6133360290527348,-10.22433837890625,0.4293072509765625
60049,1.1322454833984374,-8.220305786132814,0.12708572387695313
60115,-2.1640498352050783,-10.343340911865235,0.4602928161621094
60181,-3.7580850219726565,-7.624095611572266,0.11331436157226563
60249,0.041912841796875,-7.551646270751953,-2.407892761230469
60315,4.398453369140626,-6.361321563720703,-8.015830993652344
60381,1.4850617980957033,-7.232659606933594,-2.3504122924804687
60449,3.4983750915527345,-11.519744567871093,-2.8193870544433595
60515,5.282514953613282,-10.435249786376954,-5.427114257812501
60581,2.9023146057128906,-12.349469146728516,-0.22483245849609376
60650,1.059796142578125,-8.171058197021484,-0.6623725891113281
60715,1.7121395874023437,-9.201964416503907,-0.24339385986328127
60781,1.9835252380371096,-9.454339599609375,-0.4022135925292969
60849,1.4081217956542968,-7.900121612548829,-0.4673281860351563
60914,1.453926544189453,-8.4352587890625,-0.3674858093261719
60981,2.0109182739257814,-8.28287567138672,-0.8400531005859375
61049,2.2448817443847657,-8.552465057373047,-1.888323211669922
61115,5.101690979003907,-11.212134246826173,-3.0520033264160156
61181,5.516927490234376,-11.666289825439454,-1.9471508789062502
61248,5.82708251953125,-12.957804107666016,0.46104125976562504
61315,1.3485456848144532,-8.471034393310548,0.5598358154296875
61381,-0.21809646606445313,-10.303224334716797,0.19833755493164062
61449,-3.2955468750000003,-9.521549835205079,-0.16974700927734376
61515,0.38290374755859374,-7.424111480712891,-1.7013619995117188
61581,3.9772293090820314,-7.06575668334961,-8.21342010498047
61649,1.0582992553710937,-6.391109619140625,-1.1406280517578125
61715,2.8734246826171876,-9.761800231933595,-2.796035614013672
61781,4.558320922851562,-9.823471984863282,-3.603306884765625
61849,5.967640228271485,-13.10360092163086,-3.7329373168945312
61915,1.8191670227050782,-9.70417007446289,-0.5921685791015625
61981,1.6133450317382814,-9.975555725097657,-0.13022918701171876
62049,1.8784437561035157,-9.259295196533204,-0.164058837890625
62115,1.300345916748047,-8.113128662109375,-0.3391946411132813
62181,1.3395643615722657,-7.658224639892579,-0.1836680603027344
62248,2.0423529052734377,-7.778274993896485,-0.5890251159667969
62315,2.7306216430664065,-8.46160400390625,-1.2263996887207032
62381,4.271367645263672,-11.724219360351563,-6.073170776367188
62449,5.014871520996094,-10.504855041503907,-1.076561279296875
62515,5.425317993164063,-12.395124206542969,1.0352471923828126
62581,1.632056121826172,-8.86441635131836,0.32302825927734374
62649,-0.4680766296386719,-10.441087646484375,0.5414241027832032
62715,-2.910846862792969,-9.208999786376953,0.2839595031738281
62781,1.622476043701172,-8.023165740966798,0.009131011962890626
62849,2.2412892150878907,-7.9381425476074226,-5.470374298095703
62915,2.2147943115234376,-6.110443267822266,-4.184398498535156
62982,1.3329780578613282,-10.32058822631836,-0.8936416625976563
63049,5.753585357666016,-9.627978515625001,-5.353617095947266
63115,4.2697210693359375,-16.17865631103516,-3.320245513916016
63181,1.9935543823242188,-9.368418273925782,0.599952392578125
63249,1.4168037414550783,-9.341324615478516,-0.21285736083984377
63315,2.0207977294921875,-9.179211730957032,-0.25237518310546875
63382,1.791324920654297,-7.924969940185547,-0.10403366088867189
63449,1.6242723083496096,-8.089627532958986,-0.11660751342773439
63515,2.202070770263672,-8.470136260986328,-0.5936654663085937
63581,2.1005818176269533,-9.208401031494141,-5.352269897460938
63649,4.135450286865234,-10.90212890625,-0.8382568359375
63715,6.304290161132813,-9.950408020019532,-3.018473052978516
63782,4.7258226013183595,-12.183314666748048,0.48094985961914066
63849,1.222657470703125,-8.364456024169922,0.41433837890625
63915,-0.9244775390625001,-11.24311981201172,0.6005511474609375
63981,-4.389022979736328,-8.353828125,0.40161483764648437
64049,-0.00987945556640625,-7.356003112792969,-1.7501605224609376
64115,3.6889288330078127,-7.74354721069336,-7.987539825439454
64181,0.9389973449707032,-7.8306660461425786,-2.526595916748047
64248,2.0863613891601562,-10.008636932373047,-1.8790425109863282
64315,3.646267547607422,-9.482930145263673,-4.012106781005859
64381,4.434228973388672,-15.72225540161133,-1.9725979614257814
64449,1.6792080688476563,-7.829019470214845,-0.3921844482421875
64515,1.93278076171875,-10.442584533691408,0.00748443603515625
64581,2.146685943603516,-9.524393920898438,-0.07379653930664062
64649,1.1201206970214845,-7.956853637695313,-0.08322692871093751
64715,0.9523196411132813,-8.427624664306641,0.1442999267578125
64781,1.8964064025878906,-8.15309555053711,-0.4435276794433594
64849,2.652334442138672,-9.014105072021485,-1.6546591186523438
64915,3.9640567016601564,-11.16887420654297,-3.047812042236328
64981,5.060376892089844,-11.967014465332031,-1.253792724609375
65047,5.211412811279297,-12.275822296142579,0.7723937988281251
65115,1.2677137756347656,-8.478069763183594,0.15657440185546875
65181,-0.9512718200683594,-10.749147033691408,0.9392967224121094
65247,-3.725303192138672,-9.525441741943359,0.30835876464843753
65315,1.0398875427246095,-7.702981567382813,-1.5510745239257813
65381,2.8136988830566407,-7.924820251464844,-5.441334686279297
65448,2.8867469787597657,-6.834487609863282,-5.280269622802734
65515,1.4813195800781251,-9.981094207763672,-0.9222322082519532
65581,4.433330841064453,-9.641300811767579,-4.7099555969238285
65649,5.321284332275391,-15.338453521728516,-4.235292663574219
65715,2.2683828735351566,-9.238189086914064,0.12723541259765625
65781,2.227218475341797,-8.882528686523438,-0.43349853515625003
65849,2.485880584716797,-9.512119445800781,0.15896942138671877
65915,1.7013619995117188,-8.528963928222657,-0.1429527282714844
65981,1.3564791870117188,-8.073311462402344,-0.008831634521484376
66047,2.0076251220703125,-8.539741516113281,-0.4255650329589844
66115,2.1634510803222655,-8.11761932373047,-0.9175918579101563
66181,2.8577073669433597,-11.314221954345705,-6.018384704589844
66249,4.482428741455078,-11.830797729492188,0.53887939453125
66315,6.751260681152344,-14.196777648925782,-1.6545094299316407
66381,2.1276754760742187,-8.345894622802735,0.3447331237792969
66448,0.5049000549316407,-9.356293487548829,-0.25357269287109374
66515,-2.8033703613281253,-11.177705841064453,0.46523254394531255
66581,1.4226416015625,-7.6016423034667975,0.7482939147949219
66649,0.7566764831542969,-7.849676513671875,-3.8008959960937503
66715,3.410208435058594,-6.822811889648438,-5.992937622070313
66781,1.7022601318359376,-8.689280548095704,-1.809287567138672
66848,3.233126678466797,-9.466763763427736,-2.806962890625
66915,4.701573028564454,-10.145003356933595,-5.29344223022461
66981,1.8470091247558595,-12.116553497314454,0.118553466796875
67049,0.8095166015625,-8.61922622680664,-0.3656895446777344
67115,2.1380039978027345,-8.399034118652343,-0.14385086059570312
67181,2.1700373840332032,-8.618926849365234,-0.12723541259765625
67247,1.5224839782714845,-8.316405944824218,-0.2389031982421875
67315,1.8187179565429688,-8.561895446777344,-0.16540603637695314
67381,1.9922071838378907,-7.99741928100586,-0.5146298217773437
67449,2.339634704589844,-8.3969384765625,-0.79754150390625
67515,3.810176696777344,-10.659483489990235,-3.7823345947265627
67581,4.906347198486328,-8.810977478027343,0.025896148681640627
67648,7.789651336669922,-17.75278289794922,-1.0407856750488282
67715,2.4840843200683596,-9.303153991699219,0.19369720458984377
67780,-0.045954437255859376,-10.303673400878907,-0.0664617919921875
67848,-4.2626856994628906,-10.419083404541016,0.06825805664062501
67915,-2.0049307250976565,-8.706195373535156,-0.7490423583984376
67981,1.5840060424804687,-10.274184722900392,-3.9134619140625
68051,2.1540206909179687,-8.961564331054689,-2.937641143798828
68115,0.7176077270507812,-8.913514251708985,-0.8536747741699219
68181,1.77470947265625,-8.706195373535156,-1.6813037109375002
68249,4.664599914550782,-8.232430572509767,-2.5204586791992187
68315,2.135908355712891,-9.020691375732422,-1.5370037841796875
68381,1.5597564697265627,-11.307785339355469,-1.1820918273925782
68447,2.295177154541016,-7.473808135986329,-1.907633056640625
68515,1.8187179565429688,-9.582024078369141,-1.0551557922363282
68581,3.557352447509766,-9.120533752441407,-2.1400996398925782
68648,2.8166926574707034,-9.370962982177735,-0.6595285034179688
68715,3.1281948852539063,-9.752070465087892,-1.038091278076172
68781,3.454366607666016,-10.141859893798829,-2.0052301025390626
68849,3.041375427246094,-9.5944482421875,-1.0193801879882813
68915,2.771786041259766,-8.885073394775391,-1.1202703857421876
68981,2.697989501953125,-9.094787292480468,-1.5416441345214844
69049,2.515518951416016,-9.187444610595703,-0.9035211181640626
69115,2.1007315063476564,-9.552984466552735,-1.0868898010253907
69181,2.435435485839844,-9.179960174560547,-1.274000701904297
69247,2.26329345703125,-9.13939453125,-1.0181826782226564
69315,2.2444326782226565,-8.714877319335939,-1.0982661437988281
69381,3.1593301391601565,-9.624984741210938,-1.3084291076660157
69449,3.6287539672851565,-9.763746185302734,-0.9563612365722657
69515,3.2359707641601565,-9.498048706054687,-0.7168592834472657
69581,2.748434600830078,-9.56376205444336,-0.8294252014160156
69649,2.77582763671875,-9.430539093017579,-0.6797364807128906
69715,2.7033782958984376,-9.485774230957032,-0.7575746154785157
69781,2.572101287841797,-9.318422241210937,-0.628692626953125
69849,2.5954527282714843,-9.49340835571289,-0.6753955078125
69915,2.433040466308594,-9.577533416748047,-0.7060816955566407
69981,2.3881338500976566,-9.487720184326172,-0.6400689697265626
70049,2.3739134216308595,-9.485025787353516,-0.6725514221191407
70115,2.811303863525391,-9.481582946777344,-0.63228515625
70181,3.053799591064453,-9.284442901611328,-0.580642547607422
70248,3.057392120361328,-9.442813568115234,-0.5918692016601563
70315,3.0361363220214845,-9.318571929931641,-0.7110214233398438
70381,2.8698321533203126,-9.372310180664064,-0.6026467895507813
70449,2.7728338623046875,-9.453291778564454,-0.6466552734375001
70515,2.6135650634765626,-9.402996368408203,-0.6412664794921875
70581,2.7378067016601566,-9.534123687744142,-0.5875282287597656
70649,2.6842181396484377,-9.46077621459961,-0.6387217712402344
70715,2.4444168090820315,-9.204359436035157,-0.5760021972656251
70781,2.003583526611328,-9.74578353881836,-0.47615982055664063
70848,1.5560142517089846,-10.405761108398439,-0.8647517395019532
70915,1.470392303466797,-10.399474182128907,-0.4174818420410156
70981,-1.7627343750000002,-7.664960632324219,-2.478695526123047
71047,4.474944305419922,-9.08954818725586,-0.026345214843750003
71115,-2.4936643981933595,-10.119107208251954,-2.4962091064453125
71181,0.4685256958007813,-9.316027221679688,3.160078582763672
71249,-5.248984680175782,-11.118728485107422,-1.9552340698242188
71315,-4.133354644775391,-9.544901275634766,1.270557861328125
71381,-2.8339068603515627,-5.345982971191407,4.152814178466797
71448,-4.647086334228516,-11.095975799560547,3.3940420532226563
71514,-6.000422058105469,-7.952213287353516,6.1522064208984375
71581,-0.31180160522460937,-9.203461303710938,0.4167333984375
71647,-2.338886260986328,-10.101144561767578,0.48529083251953126
71715,-0.9801617431640626,-9.04598876953125,4.791835327148438
71781,-2.5472529602050784,-8.417296142578126,3.203937377929688
71849,-2.45489501953125,-6.980733489990235,-1.605710906982422
71915,-3.646267547607422,-9.680668945312501,0.5279521179199219
71981,-2.0267852783203124,-8.768016815185547,0.7427554321289063
72048,-3.569477233886719,-11.69053939819336,1.657054138183594
72115,-1.021475830078125,-15.144756317138672,-4.923411712646485
72181,0.9030720520019532,-14.27476547241211,-0.028889923095703127
72249,1.2340338134765625,-11.827654266357422,2.0145108032226564
72315,-0.5957611083984375,-5.806425476074219,1.319356384277344
72381,-0.5348377990722657,-5.9040225219726565,7.2353540039062505
72447,5.690716094970703,-6.37314697265625,5.886658630371094
72515,6.835086364746094,-5.401667175292969,7.495662689208984
72580,4.196972351074219,-3.955225067138672,8.478069763183594
72649,1.9246975708007814,-2.0468435668945313,8.10998519897461
72715,-0.7782316589355469,-1.3265414428710938,7.93514877319336
72781,4.577331390380859,-2.6914031982421878,10.357711029052735
72849,3.2672557067871097,-0.46702880859375,8.275989990234375
72915,4.0601568603515625,2.732417907714844,9.993518371582033
72981,2.397264862060547,3.560944976806641,7.279811553955079
73047,4.8684759521484375,5.069358215332032,8.817563781738281
73115,2.008074188232422,6.004014587402344,7.341932373046875
73181,0.27198440551757813,6.868616638183594,4.535867614746094
73247,-0.24923171997070315,8.724008331298828,4.8913783264160156
73367,-1.3783337402343752,9.193432159423828,3.4850527954101564
73385,-0.8000862121582032,8.850644989013672,3.0817913818359375
73447,-1.5579602050781252,6.164480895996094,5.765710144042969
73515,-2.6637107849121096,11.635304260253907,2.515818328857422
73581,-2.5173152160644534,8.453071746826172,4.657564544677735
73647,-2.3558010864257812,8.180189208984375,4.531077575683594
73717,-2.305805053710938,8.10085418701172,4.514761505126954
73781,-2.361189880371094,7.671546936035156,4.609215087890625
73847,-2.3369403076171875,7.9152401733398445,5.612129516601563
73915,-1.8089881896972657,7.70283187866211,5.085524597167969
73981,-1.6372952270507812,7.8317138671875,5.178930358886719
74047,-1.731449432373047,8.129744110107422,5.376968536376953
74115,-2.363734588623047,8.137527923583985,6.044729919433594
74181,-1.8742524719238283,7.38189926147461,5.325176239013672
