Time (s),Acceleration x (m/s^2),Acceleration y (m/s^2),Acceleration z (m/s^2),Absolute acceleration (m/s^2)
70.00933408,-0.5186714172,-12.15891541,2.3038591,12.38612169
70.01941708,-0.860710144,-13.19491104,1.5925383,13.31850883
70.02949908,-1.85808609,-13.28681992,1.281634827,13.47719018
70.03958208,-2.645448761,-13.02471497,1.634301453,13.39076325
70.04966408,-2.784060516,-13.03384598,2.719844055,13.60256173
70.05974608,-2.12483139,-12.90975403,3.871100006,13.64412228
70.06982908,-1.302740936,-12.58463013,4.548291779,13.44459027
70.07991108,-0.9975256348,-12.73177414,4.483326874,13.53489379
70.08999408,-1.321751404,-12.56756561,3.610641632,13.14258214
70.10007608,-1.839524689,-11.97075668,3.39673645,12.57858041
70.11015908,-1.712438965,-12.19528976,4.91907074,13.26102547
70.12024108,-0.8461903381,-12.853022,4.473297729,13.63549065
70.13032308,0.2727328491,-14.2385408,1.109642487,14.28431776
70.14040596,1.229992218,-16.73235489,-5.523663483,17.66339263
70.15048796,3.260669403,-19.46956284,-10.97412918,22.58599905
70.16057096,5.928421783,-20.06367737,-9.511221313,22.98174635
70.17065296,8.926836548,-18.94370636,-4.560266876,21.432416
70.18073596,10.36594391,-16.70720718,1.464404755,19.71618742
70.19081796,9.228159943,-14.45244598,5.894592133,18.13224606
70.20089996,8.734785919,-13.2007489,6.149811401,16.98165
70.21098296,8.23976532,-11.89202042,2.536026306,14.68827122
70.22106496,6.807094574,-10.8000412,-1.434317322,12.84658292
70.23114796,3.617078247,-10.15323624,-1.86976181,10.93926279
70.24122996,0.06182144165,-9.01081192,-0.8577163696,9.051752909
70.25131296,-2.087708588,-8.099506989,-0.9701325989,8.420314594
70.26139496,-2.349065094,-7.505093079,-1.582658844,8.021803909
70.27147696,-1.084494781,-7.212002563,-1.579964447,7.462264908
70.28155996,0.7982899475,-6.895710297,-1.582060089,7.119761335
70.29164196,2.117346954,-6.791676636,-2.053280182,7.404457384
70.30172496,2.477198639,-6.987469482,-1.985770569,7.674928509
70.31180696,2.570005646,-6.896907806,-1.651964722,7.54329197
70.32188996,2.476749573,-6.706503754,-1.785786438,7.368888264
70.33197196,2.143692169,-6.115682373,-2.061213684,6.800410933
70.34205396,1.546583862,-5.18461853,-1.82889679,5.711134249
70.35213696,1.185085602,-3.972738647,-1.729653168,4.492079733
70.36221896,1.058448944,-2.545456696,-2.090852051,3.459960441
70.37230196,1.165626068,-1.351689148,-2.473157043,3.049959581
70.38238396,1.42982666,-0.3287164307,-2.913241882,3.261814991
70.39246696,1.85808609,0.1954934692,-3.016227722,3.548003845
70.40254896,2.222578125,0.1152603149,-2.409090271,3.279764381
70.41263096,2.725232849,-0.3671864319,-1.533111877,3.14835703
70.42271396,3.001109161,-0.8207432556,-0.6337820435,3.1752095
70.43279596,3.504961395,-1.437460785,0.3224295044,3.801974313
70.44287896,3.691473541,-2.808908844,1.323248291,4.823684467
70.45296096,3.819906464,-4.954696655,2.575095062,6.765487338
70.46304396,3.575015717,-8.2970961,4.921016693,10.28780571
70.47312596,3.044069824,-13.48934875,10.63179108,17.44316119
70.48320796,1.949545898,-20.01517822,20.10678772,28.43749287
70.49329096,0.6345304871,-29.01715851,30.78138977,42.3071161
70.50337296,-0.549357605,-38.1119458,31.76529373,49.61709476
70.51345596,-2.42914856,-34.16016357,11.71718399,36.19544086
70.52353796,-3.516936493,-19.94497421,1.473685455,20.30622041
70.53362096,-2.623893585,-9.268126831,0.806073761,9.666061629
70.54370296,-1.304088135,-3.259771271,1.617386627,3.865578107
70.55378496,2.97431488,-0.7756869507,1.046623535,3.247100257
70.56386796,9.412426758,-4.499493256,-2.562970276,10.74281312
70.57394996,12.17897369,-10.29633865,-8.086184692,17.88095
70.58403296,11.20180573,-13.6002681,-12.44601837,21.57199845
70.59411496,8.608448639,-11.9692598,-11.12636261,18.47063921
70.60419796,6.098767548,-9.20974823,-6.169121246,12.65197554
70.61427996,2.402503967,-8.036637726,7.341333618,11.14696149
70.62436296,-1.356479187,-7.018305359,14.53597229,16.19849179
70.63444496,0.5352868652,-4.877457275,-0.4156855774,4.924318836
70.64452696,1.186732178,-4.591551819,-6.419700165,7.981430421
70.65460996,0.2327659607,-5.673352203,-6.662944336,8.754195134
70.66469196,0.8967851257,-8.240663452,-7.323670349,11.06114393
70.67477496,2.568957825,-10.9432933,-7.034172363,13.26027124
70.68485696,2.648442535,-11.57782379,-5.693260803,13.17093278
70.69493996,2.28634552,-11.28413452,-3.879033508,12.14931968
70.70502196,1.641935577,-10.82234482,-2.315534821,11.18842265
70.71510396,1.357826385,-11.31901199,-0.6137237549,11.41667122
70.72518696,0.6914122009,-12.02299805,0.8509803772,12.07289114
70.73526896,-0.008382568359,-12.02434525,1.513053589,12.11916994
70.74535196,0.09086105347,-11.47753235,1.338067474,11.55562327
70.75543396,0.9056167603,-10.69870193,0.8325686646,10.76919381
70.76551696,2.047741699,-9.433682556,0.3126997375,9.658436404
70.77559896,3.20139267,-8.078550568,-0.2171983337,8.692471997
70.78568096,3.395838318,-6.975195007,-0.8713380432,7.806682603
70.79576396,2.8970755,-6.312972107,-1.365310822,7.078893764
70.80584596,2.327210541,-6.641089783,-1.349294128,7.165233914
70.81592896,1.964215393,-7.560477905,-1.06249054,7.883391048
70.82601096,1.425635376,-8.316405945,-0.4349954224,8.448920942
70.83609396,0.6653663635,-8.721313934,0.1290316772,8.747609863
70.84617596,0.3966751099,-8.831035767,0.3342549133,8.846257412
70.85625796,0.365539856,-8.662336578,0.3568579102,8.677386816
70.86634096,0.2243833923,-8.52641922,0.1347198486,8.530435045
70.87642296,0.4670288086,-8.322992249,0.2086660767,8.338696385
70.88650596,0.7993377686,-8.100854187,0.3203338623,8.146495763
70.89658796,0.9193881226,-7.995623016,-0.290994873,8.053566909
70.90667096,0.8496331787,-8.084837494,-1.21577179,8.219767325
70.91675296,0.4659809875,-8.435707855,-1.585353241,8.596025256
70.92683596,-0.03742218018,-9.098679199,-1.091081085,9.163941375
70.93691796,-0.02859054565,-10.06267456,0.1767823792,10.06426792
70.94699996,0.527353363,-11.00646194,1.731150055,11.15424523
70.95708296,1.024469604,-11.33368149,2.803819427,11.72020808
70.96716496,1.142124939,-11.19087845,3.300187225,11.72311586
70.97724796,0.8285270691,-11.41077118,3.047362976,11.83970342
70.98732996,0.08666976929,-12.38314911,2.022743683,12.54756492
70.99741296,-1.591041412,-12.93475204,1.115480347,13.07988989
71.00749496,-3.426075439,-12.98923874,1.069226532,13.47596235
71.01757696,-4.540807343,-13.19625824,2.138602753,14.1185617
71.02765996,-4.831951904,-13.43336517,3.745960236,14.75924379
71.03774196,-3.921096039,-13.39639206,4.447251892,14.64979057
71.04782496,-2.857557678,-13.69262604,4.018992462,14.55355435
71.05790696,-2.615660706,-13.47063766,3.531156921,14.16929177
71.06798996,-2.822680206,-12.42476257,3.349135437,13.17417765
71.07807196,-2.397414551,-12.67893402,4.829556885,13.77779315
71.08815396,-0.7673043823,-13.59053833,5.471871185,14.67081669
71.09823696,1.588646393,-14.74209366,3.232378235,15.17568423
71.10831896,3.070415039,-16.37130569,-3.515439606,17.02367217
71.11840196,4.584965515,-18.15799026,-10.41100021,21.42716604
71.12848396,6.619684296,-18.81497406,-9.623338165,22.14570176
71.13856646,8.996292114,-18.12850159,-4.105213165,20.6501481
71.14864846,10.48539551,-16.76334045,1.052012329,19.8005008
71.15873046,9.327852631,-15.106436,4.802762604,18.39238353
71.16881346,8.183931427,-13.9611676,5.129383392,16.97649871
71.17889546,8.082891541,-12.82009048,2.552342377,15.36887463
71.18897846,7.261250153,-11.63126266,-0.5984555054,13.72480142
71.19906046,4.4896138,-10.77953384,-1.707499237,11.80129381
71.20914346,1.237027588,-9.647138672,-1.137484589,9.792415075
71.21922546,-1.072070618,-8.782237244,-0.7951464844,8.883089797
71.22930746,-1.965263214,-8.320297852,-1.067879333,8.615682336
71.23939046,-1.40991806,-7.947722626,-1.336720276,8.181747061
71.24947246,0.1880090332,-7.505093079,-1.155596924,7.595865571
71.25955546,1.359323273,-6.990163879,-1.474134521,7.272085217
71.26963746,2.023641815,-6.802304535,-1.932331696,7.355295981
71.27972046,2.37406311,-6.651867371,-1.745520172,7.275325136
71.28980246,2.22078186,-6.395001526,-1.547931061,6.944350737
71.29988446,2.021845551,-5.841752014,-1.705253906,6.412629485
71.30996746,1.753004608,-5.374423828,-1.623224487,5.881523134
71.32004946,1.361568604,-4.640500031,-1.381477203,5.029571439
71.33013246,0.7137158203,-3.623664551,-1.469943237,3.975055744
71.34021446,0.673150177,-2.672692108,-1.842817841,3.315477622
71.35029746,1.012943573,-1.815275116,-2.314936066,3.11130317
71.36037946,1.422491913,-0.8930429077,-2.769690399,3.2391656
71.37046246,1.781146088,-0.3823049927,-2.525697784,3.114127132
71.38054446,2.504741364,-0.5173242188,-1.80315033,3.129329762
71.39062646,3.02116745,-0.8788224792,-1.179547119,3.360225159
71.40070946,3.370091858,-1.161135406,-0.2008822632,3.570169218
71.41079146,3.849993896,-1.699565735,0.9702822876,4.318845263
71.42087446,4.189936981,-2.998564453,2.326312408,5.653201757
71.43095646,4.173920288,-5.277724915,3.925437012,7.790060756
71.44103946,3.67875,-8.939111023,6.575526123,11.69095596
71.45112146,3.360062714,-14.44900314,12.99567535,19.72184807
71.46120346,2.79304184,-21.54095535,21.7526152,30.74069141
71.47128646,2.863096161,-30.53919342,30.57511871,43.30909303
71.48136846,1.364712067,-37.10903137,28.13579132,46.58932712
71.49145146,-2.044298859,-29.79568954,10.24559418,31.57426917
71.50153346,-4.234693909,-15.8231456,2.000440063,16.50170687
71.51161646,-4.578828278,-6.831344147,1.260379028,8.319945104
71.52169846,-4.432133331,-0.8476872253,1.684596863,4.816663377
71.53178046,-2.722089386,2.125130768,-0.87522995,3.562580367
71.54186346,1.352886658,-0.5066963196,-6.096522217,6.265351276
71.55194546,6.474336548,-6.395001526,-11.85654419,14.94626102
71.56202846,11.50432663,-11.17022141,-14.79104187,21.81509333
71.57211046,14.4349324,-13.96580795,-11.92330536,23.35757427
71.58219346,13.12874863,-15.01826935,-7.739505615,21.39655117
71.59227546,6.027366028,-17.21495132,18.43042374,25.92998668
71.60235746,-2.70053421,-18.3353714,23.7817955,30.15049795
71.61244046,0.9577084351,-10.96769257,-5.355712738,12.2430039
71.62252246,-0.01362167358,-4.322860565,-10.99194214,11.81143941
71.63260546,-0.3882925415,-2.296224976,-5.316344604,5.804045157
71.64268746,0.8434959412,-3.15918045,-2.725532227,4.256810125
71.65277046,3.098556519,-5.444328461,-5.425317993,8.287088766
71.66285246,4.042493591,-7.007976837,-7.20302124,10.83222086
71.67293446,3.571572876,-8.514593811,-7.53652771,11.91862788
71.68301746,3.201991425,-10.59721298,-5.350473633,12.29557807
71.69309946,2.33783844,-12.76889694,-2.59754837,13.23848463
71.70318246,0.8327183533,-14.55767715,-0.3427871704,14.58550263
71.71326446,-0.6709048462,-15.03698044,0.9157955933,15.07977372
71.72334746,-1.229393463,-14.43687836,1.900597687,14.61325209
71.73342946,-0.599203949,-12.8199408,2.692600708,13.11335296
71.74351246,0.7809260559,-10.40501266,2.091450806,10.64181848
71.75359446,2.406395874,-8.211773529,0.9039701843,8.604715433
71.76367646,3.361110535,-6.722520447,0.05792953491,7.516162652
71.77375946,3.817062378,-5.444627838,-1.254840546,6.766724635
71.78384146,3.8963974,-5.07938736,-1.750160522,6.636652055
71.79392446,3.187172241,-5.931565247,-1.235830078,6.846079838
71.80400646,2.507585449,-7.171586609,-0.5960604858,7.620690741
71.81408946,1.979333954,-8.406817932,0.02365081787,8.636718706
71.82417146,1.175355835,-8.99210083,0.2896476746,9.073215221
71.83425346,0.4086502075,-8.906927948,0.9246272278,8.964111555
71.84433646,-0.2092648315,-8.745114441,1.607207794,8.89403931
71.85441846,-0.5394781494,-8.379873962,1.370549927,8.508333057
71.86450146,-0.5240602112,-8.078999634,0.1146615601,8.096790812
71.87458346,-0.01511856079,-7.991282043,-1.349443817,8.104431867
71.88466646,0.5469625854,-8.11342804,-2.225122833,8.430780168
71.89474846,0.7117698669,-8.627758484,-1.97274765,8.878995782
71.90483046,0.6979985046,-9.476044464,-0.6304888916,9.522611871
71.91491346,0.6057902527,-10.46997757,0.9252259827,10.52822185
71.92499546,0.7246430969,-10.99493591,2.324366455,11.26127891
71.93507846,0.943787384,-10.76366684,3.345692596,11.31109709
71.94516046,0.7315287781,-10.70199509,3.817361755,11.38595995
71.95524346,0.1438508606,-11.38038437,3.100652161,11.79609619
71.96532546,-0.7301815796,-12.46323257,1.585203552,12.58484015
71.97540746,-2.236199799,-13.22035812,0.8198451233,13.43319041
71.98549046,-3.774850159,-13.50192261,0.9997709656,14.05528192
71.99557246,-4.825215912,-13.56359436,1.882934418,14.51892705
72.00565546,-4.740941162,-13.46375198,3.474873962,14.69094584
72.01573746,-3.033591614,-12.94029053,4.62178894,14.07177068
72.02582046,-1.373843079,-12.58837234,4.990322571,13.61094716
72.03590246,-0.920735321,-12.27881607,4.640649719,13.15875022
72.04598546,-1.468296661,-11.70969955,3.579356689,12.33226472
72.05606746,-1.423539734,-12.33464996,4.995861053,13.3838964
72.06614946,-0.4972659302,-13.32993027,6.028862915,14.63835723
72.07623246,0.4749623108,-14.17267776,2.516716461,14.40223059
72.08631446,1.371897125,-16.08480148,-4.752317505,16.82817465
72.09639746,2.987936554,-18.30318832,-10.97338074,21.54877148
72.10647946,5.197342072,-19.13770294,-10.28151947,22.3377188
72.11656246,7.247179413,-18.09033096,-5.335804138,20.20525896
72.12664446,9.468709717,-16.64912796,0.1872605896,19.15424214
72.13672675,10.09380981,-15.40955566,4.285588074,18.91310835
72.14680975,9.051527252,-14.47205521,5.335205383,17.88392977
72.15689175,8.808283081,-13.54727829,2.681224365,16.37997448
72.16697475,8.359366608,-12.59331207,0.3861968994,15.12017418
72.17705675,6.195167084,-11.47603546,-0.6824308777,13.05929543
72.18713975,2.569107513,-10.0143251,-1.477128296,10.44360707
72.19722175,-0.6965016174,-8.598120117,-1.381028137,8.73613317
72.20730375,-2.626737671,-7.908055115,-0.483943634,8.346932846
72.21738675,-2.462678833,-7.69564682,-0.4096980286,8.090464726
72.22746875,-0.8292755127,-7.406747589,-0.7979905701,7.495625169
72.23755175,0.6491999817,-6.881340179,-1.381477203,7.04860146
72.24763375,1.647923126,-6.398444366,-1.547032928,6.785945168
72.25771675,2.250569916,-6.158044281,-1.961820374,6.843633062
72.26779875,2.361339569,-6.313121796,-2.189496918,7.086983005
72.27788175,2.44546463,-6.184838562,-2.310445404,7.040645088
72.28796375,2.30161377,-5.766757965,-2.154619446,6.572313773
72.29804575,1.886077881,-4.929249573,-1.8991008,5.609044034
72.30812875,1.397793274,-4.013154602,-1.567689972,4.529557125
72.31821075,1.159638519,-3.116219788,-1.812880096,3.787099352
72.32829375,1.452279968,-2.308349762,-2.232008514,3.524125103
72.33837575,1.879042511,-1.446142731,-2.634222107,3.544186178
72.34845875,2.343825989,-0.8105644226,-2.747686157,3.701393544
72.35854075,2.847827911,-0.60025177,-2.104324036,3.591462884
72.36862275,3.2235466,-0.8376580811,-1.171763306,3.530715648
72.37870575,3.610641632,-1.147663422,-0.1924996948,3.793536669
72.38878775,4.075874176,-1.708696747,1.040935364,4.540478092
72.39887075,4.454137573,-3.150947571,2.213896179,5.888051325
72.40895275,4.402195587,-5.423072662,3.558999023,7.839356934
72.41903575,3.474574585,-8.78612915,6.075865173,11.23320398
72.42911775,2.804418182,-13.85129608,11.44130768,18.1831429
72.43919975,2.711760864,-20.22773621,18.90673325,27.82048743
72.44928275,2.590213623,-28.83603516,29.63447479,41.42979877
72.45936475,2.25940155,-36.57898361,31.47609512,48.3101594
72.46944775,0.1047821045,-31.11893784,13.95907196,34.10652374
72.47952975,-2.068548431,-18.00126617,3.789369965,18.51172064
72.48961275,-2.870730286,-8.596473541,0.6674620056,9.087681511
72.49969475,-3.97827713,-2.159259796,1.028361511,4.641833602
72.50977675,-3.630999298,1.893712006,1.666484528,4.421252282
72.51985975,-1.530118103,0.8232879639,-2.260748749,2.851324146
72.52994175,0.9279203796,-4.442012787,-9.526040497,10.5516805
72.54002475,5.097050629,-9.669142914,-17.26943802,20.43785065
72.55010675,9.796677704,-12.52325775,-15.64112411,22.30362397
72.56018975,11.89785828,-13.7767511,-9.778864746,20.66359354
72.57027175,11.59863052,-15.11631546,-0.9134005737,19.07525947
72.58035475,3.945046234,-19.72193802,37.2492897,42.33234948
72.59043675,1.883982239,-16.54763901,12.12373856,20.59997045
72.60051875,2.27347229,-7.450307007,-10.2479892,12.87233597
72.61060175,-1.457519073,-2.988086243,-11.31122818,11.78969483
72.62068375,-1.200054474,-2.504591675,-4.764741669,5.515058782
72.63076675,0.8428971863,-4.19008667,-4.192631378,5.987107803
72.64084875,2.883453827,-6.499184875,-6.189927979,9.427031261
72.65093175,3.176993408,-8.177644501,-7.22757019,11.36683454
72.66101375,2.668201447,-9.915829926,-6.728657684,12.27671847
72.67109575,2.999312897,-11.5670462,-4.379143524,12.72671732
72.68117875,2.652334442,-12.84718414,-1.492546234,13.20275398
72.69126075,1.585353241,-13.70280487,0.9635462952,13.82782079
72.70134375,0.5062472534,-13.71403152,2.481539612,13.9459308
72.71142575,0.2383044434,-12.91918442,3.085982666,13.28478092
72.72150875,0.4760101318,-11.62737076,2.9368927,12.0019863
72.73159075,0.995280304,-9.945168915,2.086361389,10.21028263
72.74167275,1.624571686,-8.245453491,0.5370831299,8.421116002
72.75175575,2.145338745,-6.972650299,-0.6834786987,7.327173647
72.76183775,2.149679718,-5.96629303,-1.631906433,6.54835048
72.77192075,2.035766602,-5.764063568,-1.98217804,6.426336768
72.78200275,2.25940155,-6.157894592,-1.838925934,6.812210344
72.79208575,2.280208282,-7.0907547,-1.468895416,7.59182493
72.80216775,1.958377533,-8.076604614,-0.8807684326,8.357184794
72.81225075,1.679806824,-8.495733032,-0.1930984497,8.662362133
72.82233275,1.427731018,-8.797355804,0.2029779053,8.914767806
72.83241475,1.182840271,-8.813372498,0.3899391174,8.900938063
72.84249775,1.00276474,-8.65979187,0.6116281128,8.739085839
72.85257975,1.018931122,-8.439749451,0.1844165039,8.503034803
72.86266275,1.181343384,-8.104746094,-0.6776408386,8.218374446
72.87274475,1.249900818,-7.760312347,-1.233135681,7.956464252
72.88282775,1.04602478,-7.881260834,-1.068627777,8.021870449
72.89290975,0.7099736023,-8.739126892,-0.2350112915,8.771067875
72.90299175,0.7339237976,-10.12269974,0.5572911072,10.16455939
72.91307475,1.017733612,-11.64368683,1.367406464,11.7677961
72.92315675,1.154399414,-12.28884521,2.301164703,12.55562478
72.93323975,0.7427554321,-11.87779999,2.857108612,12.23915388
72.94332175,-0.09265731812,-11.27081223,2.945874023,11.64980546
72.95340475,-0.6617738342,-11.69038971,2.473306732,11.96747268
72.96348675,-1.502725067,-12.66291733,1.532213745,12.84349395
72.97356875,-2.463726654,-13.43665833,1.454225922,13.7378495
72.98365175,-3.251837769,-14.0222406,2.355950775,14.58588991
72.99373375,-3.66003891,-13.94440247,3.863016815,14.92531889
73.00381675,-3.265010376,-13.41091187,4.75171875,14.59766012
73.01389875,-2.233355713,-12.98998718,4.485422516,13.9228826
73.02398175,-1.596879272,-12.91963348,3.766317902,13.55183026
73.03406375,-1.666933594,-12.77683044,3.156336365,13.2660666
73.04414675,-1.859732666,-12.2744751,3.348386993,12.85818961
73.05422875,-1.971849518,-12.3939267,5.411097565,13.66665966
73.06431075,-1.479673004,-13.3267868,5.793851624,14.60689547
73.07439375,-0.5075944519,-14.89238113,1.638043671,14.99079234
73.08447575,0.3540138245,-17.18815704,-5.670957184,18.10297831
73.09455875,2.543061676,-19.41986618,-11.58396103,22.75492295
73.10464075,5.373376007,-19.77373032,-10.98340988,23.2488467
73.11472375,7.991431732,-18.54867783,-5.632936249,20.96774668
73.12480575,8.863069153,-15.99199448,1.065035248,18.31480773
73.13488775,7.540419617,-13.59173584,5.571563873,16.51167875
73.14497046,6.831044769,-12.77952484,5.850134583,15.62701195
73.15505246,6.019133148,-11.99021622,1.874851227,13.54659795
73.16513546,4.348607025,-11.26153152,-2.464026031,12.32087252
73.17521746,1.754351807,-11.19492004,-2.477797394,11.59928726
73.18530046,-0.1278341675,-10.88835754,-0.3356021118,10.89427833
73.19538246,-1.203197937,-9.727072449,-0.8975335693,9.8422147
73.20546446,-1.272653503,-8.625064087,-1.456171875,8.839220213
73.21554746,-0.443228302,-7.934999084,-1.311871948,8.054915878
73.22562946,0.5054988098,-7.66286499,-1.703307953,7.866148161
73.23571246,1.358574829,-7.566615143,-2.118544464,7.974184656
73.24579446,1.930535431,-7.260950775,-2.154320068,7.81597519
73.25587746,2.149679718,-6.772516479,-2.136207733,7.419668849
73.26595946,2.38933136,-5.968388672,-2.457589417,6.882609492
73.27604246,2.559078369,-5.06067627,-2.618205414,6.246144891
73.28612446,2.395618286,-4.183650055,-2.439477081,5.403051285
73.29620646,2.295925598,-3.488345947,-2.288141785,4.761871967
73.30628946,2.325114899,-3.247047729,-2.092348938,4.508592056
73.31637146,2.371368713,-2.519710236,-2.291884003,4.150308606
73.32645446,2.406246185,-1.793869629,-2.584375763,3.960680123
73.33653646,2.623145142,-1.219963074,-2.796185303,4.023413051
73.34661946,2.767594757,-0.8945397949,-2.34487381,3.736069508
73.35670146,3.139421539,-0.8256829834,-1.44509491,3.553311032
73.36678346,3.746708679,-0.8509803772,-0.5049000549,3.875166783
73.37686646,4.636009369,-1.186133423,0.03367996216,4.78546024
73.38694846,5.348527679,-2.645149384,0.6234535217,5.99935479
73.39703146,5.661526794,-5.174439697,1.922302551,7.907146067
73.40711346,5.091212769,-8.566984863,4.265978851,10.84030685
73.41719646,4.246369629,-13.14731003,8.989855499,16.48335275
73.42727846,3.532055054,-18.36471039,15.80233887,24.48370712
73.43736046,3.314707031,-24.59819778,26.00721771,35.95043797
73.44744346,2.36118988,-31.44495987,30.99260056,44.2142738
73.45752546,-0.9077124023,-31.50738007,18.87005951,36.73714859
73.46760846,-4.034260712,-22.29583557,5.098547516,23.22444251
73.47769046,-5.010680237,-12.89807831,0.4182302856,13.84349151
73.48777346,-5.670957184,-5.900879059,2.17991684,8.469484428
73.49785546,-5.551804962,-2.366578674,3.80164444,7.13272272
73.50793846,-3.247347107,-3.848646698,-2.252815247,5.51656788
73.51802046,0.9002279663,-7.255561981,-10.84419937,13.07861805
73.52810246,4.907694397,-8.923693085,-16.13794098,19.08273832
73.53818546,9.508826294,-9.136849823,-12.18870346,17.95729084
73.54826746,11.59249329,-9.185498657,-5.370082855,15.7352177
73.55835046,12.39287888,-10.82099762,2.695295105,16.67159417
73.56843246,11.49504593,-16.25993729,32.97837112,38.52394844
73.57851546,5.203030243,-14.17073181,5.99203949,16.24148088
73.58859746,-0.07813751221,-7.873926086,-12.32327362,14.62422272
73.59867946,-2.966381378,-5.842949524,-10.13557297,12.06935446
73.60876246,-3.503314819,-5.479804688,-7.019652557,9.569587042
73.61884446,-2.577639771,-6.327192535,-5.688171387,8.890044201
73.62892746,-0.5827381897,-8.967851257,-5.497767334,10.53505508
73.63900946,1.021625519,-11.29251709,-5.764662323,12.71990537
73.64909246,1.416654053,-12.32656677,-5.510191498,13.57620593
73.65917446,1.597478027,-12.14903595,-4.564757538,13.07623883
73.66925746,2.415676575,-11.54249725,-3.130140839,12.20092283
73.67933946,3.502865753,-10.93266541,-1.159039764,11.53848407
73.68942146,4.240831146,-10.36818924,1.558409271,11.30984688
73.69950446,4.550986176,-9.706565094,3.931723938,11.41872735
73.70958646,4.684508514,-9.089847565,5.180427246,11.46327943
73.71966946,4.511917419,-8.76397522,4.896018677,11.00616461
73.72975146,4.009262695,-8.066874847,3.456013184,9.648455021
73.73983446,3.126847687,-7.400909729,1.934726715,8.264006821
73.74991646,1.908980255,-7.439828796,1.353036346,7.7991003
73.75999846,0.5426216125,-7.94951889,0.4906796265,7.983110628
73.77008146,-0.5381309509,-8.298742676,-0.7812254333,8.352785649
73.78016346,-1.000818787,-8.494385834,-1.86048111,8.753149084
73.79024646,-0.6544390869,-8.547974396,-1.912722473,8.783772768
73.80032846,0.08711883545,-8.337062988,-1.026565247,8.400478865
73.81041146,0.9587562561,-8.148006134,-0.02859054565,8.204269312
73.82049346,1.369502106,-8.350984039,0.7698490906,8.497478336
73.83057546,1.391955414,-8.634644165,0.8574169922,8.788047771
73.84065846,1.20289856,-8.852740631,0.4861889648,8.947310285
73.85074046,1.032702484,-8.868008881,-0.1234931946,8.928790875
73.86082346,0.8065228271,-8.689879303,-1.032253418,8.788061703
73.87090546,0.8771759033,-8.401878204,-1.864373016,8.65083127
73.88098846,1.396446075,-8.35322937,-2.004631348,8.703163183
73.89107046,2.089205475,-8.969198456,-1.048868866,9.268841694
73.90115346,2.493065643,-9.995913391,0.5986051941,10.31949558
73.91123546,2.636617126,-10.9898465,2.347418518,11.54291339
73.92131746,2.346520386,-11.81118851,3.878584442,12.65123508
73.93140046,1.413360901,-12.51741989,4.687202911,13.44073141
73.94148246,0.3721261597,-12.91065216,4.253554688,13.59838757
73.95156546,-0.4692741394,-13.18832474,2.741399231,13.47840485
73.96164746,-1.461261292,-13.61388977,1.381177826,13.76157445
73.97173046,-2.223027191,-14.0195462,1.240769806,14.24882575
73.98181246,-2.456242218,-13.76178223,2.524949341,14.2054618
73.99189446,-2.20087326,-12.71815247,4.010011139,13.51574765
74.00197746,-1.794618073,-11.9625238,4.614154816,12.94654604
74.01205946,-2.268532562,-12.21400085,4.158652039,13.10047494
74.02214246,-3.191513214,-12.59241394,3.083437958,13.35148812
74.03222446,-4.395160217,-12.70602768,2.275567932,13.63593716
74.04230746,-4.671186218,-12.91903473,2.11435318,13.89934993
74.05238946,-2.85381546,-14.07807449,2.806064758,14.63592988
74.06247146,-0.1613644409,-15.60220505,2.078427887,15.74086095
74.07255446,1.90493866,-16.29301849,-2.214195557,16.55276125
74.08263646,3.41080719,-17.05358688,-7.572902069,18.96858658
74.09271946,4.705764313,-17.49052826,-9.810299377,20.59865943
74.10280146,4.925207977,-15.97822311,-7.313940582,18.24979491
74.11288446,4.096680908,-13.65580261,-2.359243927,14.45094361
74.12296646,4.574786682,-12.85317169,2.601589966,13.88887922
74.13304946,5.054239655,-12.90316772,5.7848703,15.01671736
74.14313121,4.279899902,-11.97943863,3.453169098,13.18138346
74.15321321,3.253634033,-11.29251709,-0.4390370178,11.76009482
74.16329621,1.671873322,-11.06798401,-1.362766113,11.27619448
74.17337821,-0.3255729675,-10.74735077,-1.079105988,10.8062952
74.18346121,-1.822160797,-10.22823029,-1.889221344,10.55964592
74.19354321,-1.821412354,-10.08512787,-1.969454498,10.43580845
74.20362621,-1.194815369,-9.728569336,-1.494641876,9.914968453
74.21370821,0.0390687561,-9.32680481,-1.136885834,9.395920589
74.22379021,1.328487396,-8.869954834,-1.190324707,9.047532836
74.23387321,2.07109314,-8.234376526,-1.377435608,8.601843548
74.24395521,2.554887085,-7.411687317,-1.510808258,7.983927511
74.25403821,2.963387604,-6.320306854,-2.175875244,7.311797173
74.26412021,3.099754028,-5.248834991,-2.727777557,6.678286772
74.27420321,2.985391846,-4.242926788,-2.709665222,5.852971708
74.28428521,2.521955566,-3.473077698,-2.522404633,4.978458969
74.29436821,2.382445679,-3.240611115,-2.401156769,4.684352851
74.30445021,2.87956192,-3.173550568,-2.325563965,4.87560743
74.31453221,3.118165741,-2.954406281,-2.358794861,4.900549689
74.32461521,3.475323029,-2.726879425,-2.373913422,5.014898452
74.33469721,3.795956268,-2.621199188,-2.240391083,5.128286398
74.34478021,4.333638153,-2.343376923,-1.873953094,5.27100894
74.35486221,4.655468903,-2.16704361,-1.041683807,5.239711239
74.36494521,5.204976196,-2.051034851,-0.1475930786,5.596454671
74.37502721,5.820496216,-2.097588043,0.5246589661,6.20913189
74.38510921,5.951324158,-2.962489471,1.732646942,6.869983153
74.39519221,5.713768158,-5.161716156,3.594924316,8.497878622
74.40527421,4.779560852,-8.201445007,6.442153473,11.4721072
74.41535721,3.991449738,-11.99770065,11.54279663,17.12053288
74.42543921,3.332519989,-17.02050568,17.41194168,24.57598454
74.43552221,1.917512512,-23.7062027,25.12420395,34.59604782
74.44560421,0.02948867798,-30.816866,27.60020508,41.36969204
74.45568721,-3.741020508,-32.01976456,14.97276398,35.54496051
74.46576921,-7.009324036,-23.04442886,3.931723938,24.40563005
74.47585121,-6.505172424,-13.09252396,1.819316711,14.73232382
74.48593421,-5.732928314,-6.08439743,3.287763062,8.983081047
74.49601621,-3.552562408,-3.385958862,2.042652283,5.315810891
74.50609921,1.121168518,-6.183341675,-4.072880402,7.48859719
74.51618121,5.154082031,-9.830806732,-10.41728714,15.22265397
74.52626421,7.719597015,-11.85459824,-14.74942841,20.43695955
74.53634621,9.550739136,-11.40792709,-12.29483276,19.30078577
74.54642821,9.894574127,-9.645641785,-7.536078644,15.73955158
74.55651121,9.364376678,-9.797875214,4.338128815,14.23057521
74.56659321,5.91599762,-13.5020723,31.17312515,34.48287569
74.57667621,6.978787537,-9.17816391,7.875273285,13.96288285
74.58675821,4.5493396,-2.82223114,-8.333021393,9.904581008
74.59684121,0.4981640625,-1.791324921,-8.392747192,8.59623277
74.60692321,-0.817300415,-3.2142659,-6.120472412,6.961297852
74.61700621,-0.4061054993,-5.241500244,-6.193071442,8.123569435
74.62708821,0.9238787842,-8.144862671,-6.840475159,10.67634958
74.63717021,1.173260193,-10.58194473,-7.779322815,13.18605162
74.64725321,1.167871399,-12.82143768,-7.248526611,14.77478683
74.65733521,1.134790192,-14.52070404,-4.947960663,15.3824871
74.66741821,0.7062313843,-15.13143402,-2.339335327,15.3274769
74.67750021,0.4038601685,-14.38628357,0.5346881104,14.40188006
74.68758321,0.841999054,-12.79943344,3.023712158,13.17866814
74.69766521,1.794019318,-11.0534642,4.042044525,11.90528035
74.70774821,2.83046402,-9.539362793,3.981570282,10.71745637
74.71783021,3.558400269,-8.203840027,3.0457164,9.446776807
74.72791221,3.96660141,-7.114405518,1.597328339,8.300611449
74.73799521,3.548371124,-6.284381561,0.04385879517,7.217084788
74.74807721,2.700384521,-6.216871948,-1.310973816,6.903638586
74.75816021,2.045646057,-6.815327454,-1.668729858,7.308762921
74.76824221,1.425036621,-7.490573273,-1.679357758,7.807666732
74.77832521,0.9274713135,-8.01508255,-1.418300629,8.192272456
74.78840721,0.74065979,-8.434210968,-0.6309379578,8.490145716
74.79849021,0.7270381165,-8.629854126,0.3327580261,8.666815711
74.80857221,1.005010071,-8.583450623,1.226848755,8.728735745
74.81865421,1.270557861,-8.418643341,1.275796967,8.609037744
74.82873721,1.292113037,-8.176297302,0.577199707,8.297864374
74.83881921,1.306183777,-7.793094177,-0.4429289246,7.91420362
74.84890221,1.347348175,-7.503296814,-1.348695374,7.741691636
74.85898421,1.547631683,-7.5260495,-1.667682037,7.86242636
74.86906721,1.685794373,-7.817792816,-1.191971283,8.085826038
74.87914921,1.804946594,-8.578510895,0.05912704468,8.766537366
74.88923121,1.531315613,-9.631121979,1.22041214,9.828165844
74.89931421,1.118025055,-10.69031937,1.951192474,10.92428763
74.90939621,0.7388635254,-11.36361923,2.456840973,11.64962785
74.91947921,0.2710862732,-11.99500626,2.664908295,12.29045968
74.92956121,-0.1519340515,-12.99747162,2.418221283,13.22138974
74.93964421,-0.9066645813,-13.7780983,1.51754425,13.89103934
74.94972621,-2.02543808,-13.99350037,0.6632707214,14.15487125
74.95980921,-2.85740799,-13.9691011,1.018931122,14.29471184
74.96989121,-3.017125854,-13.84964951,2.899320831,14.46796119
74.97997321,-2.388732605,-13.19536011,5.158423004,14.36777296
74.99005621,-1.681154022,-12.12358887,6.342610474,13.78536882
75.00013821,-1.610201569,-11.50582352,5.657036133,12.922027
75.01022121,-2.556833038,-11.65266815,3.576811981,12.45454352
75.02030321,-3.188220062,-11.35014725,1.976639557,11.95398233
75.03038621,-3.573518829,-11.3428125,3.045566711,12.27619277
75.04046821,-2.548001404,-12.86335052,5.472769318,14.2094793
75.05055121,-0.4281097412,-14.92261826,3.192561035,15.26631126
75.06063321,1.050814819,-16.67128189,-2.981200562,16.968306
75.07071521,2.804867249,-18.37219482,-9.263636169,20.76583198
75.08079821,4.834346924,-19.12557816,-10.74046509,22.46143896
75.09088021,7.439230042,-18.5344574,-7.485783234,21.32850687
75.10096321,9.855804749,-17.37017853,-1.854792938,20.05742372
75.11104521,10.19155655,-16.3699585,4.285288696,19.75365954
75.12112821,9.302555237,-14.98488876,6.40622818,18.76497228
75.13121021,8.815318451,-13.48306183,3.976480865,16.59262474
75.14129421,8.296497345,-12.13721054,0.4965174866,14.71020998
75.15137621,6.082750854,-10.33331177,-2.256108398,12.20111532
75.16145821,2.308349762,-9.055568848,-2.78944931,9.75258085
75.17154121,-0.509690094,-8.41295517,-1.611399078,8.581037564
75.18162321,-1.747765503,-7.924071808,-0.4095483398,8.124858652
75.19170621,-1.16772171,-7.406897278,-0.6864724731,7.529737428
75.20178821,0.3917353821,-6.984176331,-1.374292145,7.128874703
75.21187121,1.34794693,-6.798113251,-1.536854095,7.098818578
75.22195321,2.584076385,-6.633455658,-1.797611847,7.342451436
75.23203521,3.194956055,-6.443051605,-1.879491577,7.433246045
75.24211821,3.121309204,-6.176455994,-1.994003448,7.201890692
75.25220021,2.65727417,-5.808820496,-2.431992645,6.835063262
75.26228321,2.34831665,-5.193599854,-2.542762299,6.241290783
75.27236521,1.861229553,-4.462520142,-2.220332794,5.320539369
75.28244821,1.24151825,-3.702700195,-2.028581543,4.400738504
75.29253021,1.012793884,-2.82462616,-2.075434113,3.648519035
75.30261321,1.375040588,-2.040406952,-2.330952759,3.389297554
75.31269521,1.822310486,-1.280437317,-2.744542694,3.534522574
75.32277721,2.319426727,-0.7848179626,-2.637814636,3.599131233
75.33286021,2.736010437,-0.8785231018,-1.886676636,3.437601588
75.34294221,3.316652985,-1.143921204,-1.191222839,3.705098459
75.35302521,3.846700745,-1.392703857,-0.4572990417,4.116534109
75.36310721,4.410877533,-1.949845276,0.4122427368,4.840215004
75.37319021,4.461622009,-3.398981781,1.553020477,5.819881503
75.38327221,4.155209198,-5.788163452,3.167263641,7.797445646
75.39335521,3.409759369,-9.552834778,6.335575104,11.95920663
75.40343721,3.505709839,-14.78894623,13.1330896,20.08683585
75.41351921,3.137475586,-21.53826096,22.27203506,31.14135488
75.42360221,2.597997437,-30.2329303,31.1340564,43.47538537
75.43368421,-0.08696914673,-36.46641769,27.13392471,45.45390031
75.44376721,-3.968996429,-29.62429596,10.14200958,31.56282944
75.45384921,-4.842130737,-16.43911469,1.836680603,17.23554807
75.46393221,-4.17841095,-7.474855957,0.8473878479,8.605269072
75.47401421,-3.365451508,-1.498234406,0.9205856323,3.797163163
75.48409721,-0.1258882141,-0.01841171265,-2.018253021,2.022259155
75.49417921,4.416416016,-3.886817322,-7.45105545,9.493698259
75.50426121,8.678802338,-9.395362244,-13.86327118,18.86225674
75.51434421,12.29363525,-12.58567795,-16.36636597,24.02895529
75.52442621,13.08863205,-12.48134491,-11.89815765,21.64861232
75.53450921,11.19611755,-11.65685944,-3.313359833,16.49890219
75.54459121,4.033661957,-14.20875275,34.16929459,37.2249886
75.55467421,1.662293243,-12.71455994,16.22625732,20.68126398
75.56475621,2.037712555,-5.453309784,-9.833501129,11.42753711
75.57483921,-0.7670050049,-2.718347168,-10.51144135,10.88430554
75.58492121,-0.5110372925,-3.135230255,-6.696773987,7.41199094
75.59500321,1.416504364,-5.492977295,-7.016359406,9.022670529
75.60508621,3.07610321,-7.876770172,-8.005203094,11.64427739
75.61516821,2.877466278,-9.269923096,-8.79316452,13.09698548
75.62525121,2.7789711,-10.94673615,-7.295229492,13.4452254
75.63533321,2.845283203,-12.63312927,-3.498973846,13.41396324
75.64541621,1.359023895,-13.89261017,0.1341210938,13.95956846
75.65549821,-0.3647914124,-14.42984299,1.934427338,14.56349719
75.66558121,-1.054107971,-13.94245651,2.525548096,14.20850557
75.67566321,-0.8107141113,-12.48568588,2.243684235,12.71155885
75.68574521,0.5583389282,-10.4244722,1.257385254,10.51486475
75.69582821,2.071392517,-8.314759369,0.24923172,8.572514612
75.70591021,3.2341745,-6.873706055,-0.05478607178,7.596757277
75.71599321,3.698209534,-5.596711578,-1.278641052,6.828971898
75.72607521,3.627706146,-5.342240753,-2.326013031,6.863681575
75.73615821,3.390000458,-6.115832062,-2.069147186,7.292247595
75.74624021,3.207080841,-7.157066803,-0.896635437,7.893853802
75.75632221,2.451003113,-8.295150146,-0.1975891113,8.651934678
75.76640521,1.735041962,-8.767867126,0.3174897766,8.943526391
75.77648721,0.9270222473,-8.66562973,1.099463654,8.784152161
75.78657021,0.1601669312,-8.364605713,1.779499512,8.55329765
75.79665221,-0.3161425781,-8.007897491,1.879491577,8.231576821
75.80673521,-0.5789959717,-7.949967957,0.7096742249,8.002553614
75.81681721,-0.123792572,-8.086933136,-1.101708984,8.162571582
75.82690021,0.6192622375,-8.23392746,-2.550097046,8.641992946
75.83698221,1.04138443,-8.539741516,-2.633323975,8.997002937
75.84706421,1.130598907,-9.145232391,-1.414109344,9.32272678
75.85714721,1.08464447,-10.11027557,0.1498384094,10.16939415
75.86722921,1.065035248,-11.11648315,1.881886597,11.32483973
75.87731221,1.316661987,-11.48965714,3.404520264,12.05556212
75.88739421,1.223705292,-11.46331192,4.260889435,12.2906531
75.89747721,0.6176156616,-11.75370804,4.032314758,12.44148962
75.90755921,-0.0383203125,-12.43494141,2.421813812,12.66863917
75.91764221,-1.298549652,-12.80616943,0.8220904541,12.8980634
75.92772421,-2.999163208,-12.90376648,0.3844006348,13.25329895
75.93780721,-4.118984528,-13.06602905,1.211879883,13.75339237
75.94788921,-4.423451385,-13.30448318,2.957699432,14.32913748
75.95797121,-3.616180115,-13.22499847,4.225712585,14.3469157
75.96805421,-2.48288681,-12.92966263,4.134552155,13.79983421
75.97813621,-1.858535156,-12.69360352,3.105891266,13.19955619
75.98821921,-2.273621979,-11.97883987,2.03007843,12.36054934
75.99830121,-2.776875458,-11.82046921,2.580483856,12.41343734
76.00838421,-2.08037384,-13.08997925,4.895719299,14.12952864
76.01846621,-0.02574645996,-14.87337067,4.647685089,15.58264402
76.02854821,1.87559967,-16.6326622,-0.3492237854,16.74172283
76.03863121,3.757486267,-18.81287842,-7.829468536,20.72060991
76.04871321,6.550528107,-20.1202597,-11.88767944,24.27037683
76.05879621,9.383686523,-19.80291962,-8.71008728,23.5812387
76.06887821,12.21684494,-18.36860229,-2.82342865,22.2402473
76.07896121,12.84149597,-16.55078247,3.198398895,21.19108715
76.08904321,10.86755081,-14.49480789,5.998775482,19.08372143
76.09912621,9.596693573,-12.71051834,3.872297516,16.39050006
76.10920821,9.235345001,-11.32185608,0.6610253906,14.62576415
76.11929021,6.828350372,-10.51263885,-1.613794098,12.63907734
76.12937321,2.606529694,-9.574539642,-2.776127014,10.30401318
76.13945521,-0.9104067993,-8.568930817,-2.287243652,8.915542575
76.14953733,-2.496508484,-8.045319672,-1.276994476,8.520002237
76.15961933,-1.66034729,-7.714657288,-1.242566071,7.988533071
76.16970233,0.5872288513,-7.267537079,-1.579066315,7.460253571
76.17978433,1.805545349,-6.593638458,-1.662891998,7.035714031
76.18986733,2.407144318,-6.297105103,-1.8194664,6.982716837
76.19994933,3.080294495,-6.463708649,-1.72471344,7.364942642
76.21003133,3.19555481,-6.473588104,-1.550924835,7.384055886
76.22011433,2.73331604,-6.307433624,-1.812131653,7.109047519
76.23019633,2.118245087,-5.702691193,-2.012265472,6.40756283
76.24027933,1.341360626,-5.021158447,-1.848206635,5.516080877
76.25036133,0.8126600647,-4.04728363,-1.904639282,4.546270115
76.26044433,0.520916748,-2.944077759,-2.193987579,3.70844032
76.27052633,0.9077124023,-1.855242004,-2.571502533,3.298255596
76.28060933,1.458866272,-0.8249345398,-2.903063049,3.352101261
76.29069133,1.897005157,-0.09056167603,-2.699037323,3.300247332
76.30077333,2.558329926,-0.1701960754,-1.856738892,3.165674971
76.31085633,3.349434814,-0.5463638306,-1.075214081,3.559959597
76.32093833,3.582200775,-0.9467811584,-0.3448828125,3.721223066
76.33102133,3.943399658,-1.530567169,0.58737854,4.270603034
76.34110333,3.955823822,-2.853516083,1.958377533,5.25607636
76.35118633,3.879632263,-4.926255798,3.709436188,7.285565148
76.36126833,2.87492157,-8.351582794,6.969207458,11.25095382
76.37135133,2.399360504,-13.61388977,13.45656693,19.29181482
76.38143333,2.198478241,-21.09338608,23.30833008,31.51257676
76.39151533,2.897674255,-31.26084274,33.21847183,45.70671369
76.40159833,2.810256042,-37.94444412,25.44528625,45.7727099
76.41168033,-0.9063652039,-30.34504715,7.111262054,31.18033727
76.42176333,-3.444636841,-15.95562012,1.612746277,16.40269145
76.43184533,-3.442690887,-6.285429382,2.080523529,7.4623938
76.44192833,-2.848127289,-0.1601669312,2.82103363,4.011946316
76.45201033,-2.067201233,2.220482483,-0.7988887024,3.137209995
76.46209233,1.255139923,-1.376088409,-7.961344299,8.176307149
76.47217533,7.347770233,-7.608228607,-18.4349144,21.25372764
76.48225733,13.65086288,-11.86821991,-18.2636705,25.70529832
76.49234033,15.95726669,-13.28517334,-12.03167999,23.99773978
76.50242233,14.29572189,-13.3242421,-1.615740051,19.60902108
76.51250533,9.107361145,-18.78473694,38.66250092,43.93858607
76.52258733,3.635789337,-16.32969223,8.41879303,18.72842461
76.53267033,-0.9809101868,-7.836653595,-12.63747025,14.90238164
76.54275233,-4.232448578,-5.19285141,-10.25367737,12.24815195
76.55283533,-2.698139191,-5.131479034,-6.671326904,8.83847469
76.56291733,-0.05957611084,-6.21896759,-6.650220795,9.105193234
76.57299933,2.137554932,-7.055727539,-7.000043335,10.16626966
76.58308233,2.675835571,-7.545209656,-6.626569977,10.39238733
76.59316433,2.654729462,-8.733139343,-5.196893005,10.50347601
76.60324733,2.949167175,-10.38240967,-3.364553375,11.30540742
76.61332933,2.597398682,-11.87136337,-1.570833435,12.25329612
76.62341233,1.52233429,-12.68911285,-0.0173638916,12.78011691
76.63349433,0.5774990845,-12.74749146,1.129850464,12.81048811
76.64357633,0.3698808289,-12.20322327,1.823358307,12.34423369
76.65365933,1.234632568,-11.05331451,2.190245361,11.33566293
76.66374133,2.476150818,-9.468110962,1.989063721,9.986632192
76.67382433,3.286116486,-8.112829285,1.130748596,8.825823075
76.68390633,3.021766205,-6.839876404,-0.08487350464,7.478113648
76.69398933,2.296973419,-6.172564087,-1.180744629,6.69109798
76.70407133,1.892813873,-6.111042023,-2.330952759,6.808885351
76.71415433,1.544787598,-6.764433289,-2.761307831,7.467847573
76.72423633,1.195114746,-7.815996552,-1.740281067,8.096090386
76.73431933,0.7692503357,-8.533604279,-0.326920166,8.574440207
76.74440133,0.3362008667,-8.974287872,0.1883084106,8.982557202
76.75448333,-0.2345622253,-9.1769664,0.4188290405,9.189513018
76.76456633,-0.5159770203,-9.102271729,0.3547622681,9.123784257
76.77464833,-0.2411485291,-8.840316467,0.05119354248,8.843753085
76.78473133,0.4596940613,-8.519533539,-0.7503895569,8.564861636
76.79481333,0.9503736877,-8.29589859,-1.506766663,8.485015577
76.80489633,1.255439301,-8.4258284,-1.550625458,8.658819283
76.81497833,1.44734024,-8.73583374,-1.234033813,8.940493519
76.82506133,1.333576813,-9.229806519,-0.535436554,9.341008928
76.83514333,1.467398529,-10.07315277,0.830173645,10.2132685
76.84522533,1.922901306,-10.88401657,2.182012482,11.26590186
76.85530833,2.087109833,-11.2631781,3.002156982,11.84179695
76.86539033,1.843865662,-11.40104141,2.928061066,11.91457626
76.87547333,1.224004669,-11.72332123,2.176923065,11.9863857
76.88555533,0.006137237549,-12.14499435,1.402134247,12.22566587
76.89563833,-1.984273682,-12.40575211,0.7391629028,12.58516544
76.90572033,-3.500770111,-12.71096741,0.4369413757,13.19147458
76.91580333,-3.767515411,-12.86574554,1.224154358,13.4618028
76.92588533,-2.814896393,-12.76455597,3.184477844,13.4535657
76.93596733,-0.9343569946,-12.3089035,4.590054932,13.17006958
76.94605033,0.4902305603,-12.2147493,5.067262573,13.23319978
76.95613233,0.5204676819,-12.0581749,4.259242859,12.79889129
76.96621533,-1.314266968,-11.71089706,3.022065582,12.1657424
76.97629733,-2.640059967,-10.98355957,2.934347992,11.67128509
76.98638033,-2.114203491,-12.04994202,4.984335022,13.2103957
76.99646233,-0.5691165161,-14.23090668,4.205654297,14.85025678
77.00654433,1.176703033,-16.1163858,-1.887125702,16.26910461
77.01662733,3.12415329,-17.85067932,-7.519463196,19.62012775
77.02670933,5.523813171,-18.20843536,-8.749156036,20.94295494
77.03679233,7.130122833,-17.43649063,-6.146667938,19.81543297
77.04687433,8.855884094,-16.44570099,-2.303559723,18.82004653
77.05695733,10.00429596,-15.41868668,1.779798889,18.46590156
77.06703933,9.266330566,-14.99222351,4.751569061,18.25401481
77.07712233,8.81891098,-14.61321167,4.054468689,17.54302889
77.08720433,8.414601746,-13.3534314,1.140328674,15.82466436
77.09728633,6.581663361,-11.92076065,-1.13269455,13.66403396
77.10736933,3.530258789,-10.45590683,-1.825154572,11.18570087
77.11745133,1.231788483,-8.99449585,-1.754950562,9.246518801
77.12753433,-0.3734733582,-8.052355042,-1.313069458,8.167255075
77.13761633,-0.5611830139,-7.782166901,-0.9226812744,7.856741613
77.14769933,0.5884263611,-7.674391022,-1.010847931,7.7630108
77.15778133,2.213147736,-7.424261169,-1.401834869,7.872916728
77.16786433,2.837798767,-6.915618896,-1.851649475,7.701135783
77.17794633,2.404300232,-6.69871994,-2.059118042,7.40901313
77.18802933,2.281256104,-6.854994965,-2.157313843,7.539833446
77.19811133,2.158361664,-6.763834534,-1.722917175,7.305917209
77.20819333,1.950144653,-6.454427948,-1.664538574,6.945026492
77.21827633,1.322799225,-5.744753723,-1.681004333,6.130070856
77.22835833,0.7685018921,-4.681215363,-1.639540558,5.019209666
77.23844133,0.6848258972,-3.427572327,-1.80315033,3.933012799
77.24852333,0.9370513916,-2.245480499,-2.144290924,3.243182318
77.25860633,1.300794983,-1.218615875,-2.550695801,3.111774623
77.26868833,1.662143555,-0.4921765137,-2.851719818,3.337254087
77.27877133,2.048340454,-0.05403762817,-2.545456696,3.267716094
77.28885333,2.458637238,-0.2248324585,-1.686393127,2.98987767
77.29893533,2.863844604,-0.6900650024,-0.9806108093,3.104737217
77.30901833,3.196003876,-1.28238327,-0.1751358032,3.448132853
77.31910033,3.535797272,-2.237846375,0.7852670288,4.257518414
77.32918333,3.647315369,-3.784729614,1.929936676,5.599262739
77.33926533,3.719165955,-6.151607666,3.510948944,8.000077172
77.34934833,3.264411621,-10.00399658,7.051386566,12.66721687
77.35943033,3.225342865,-15.49742294,14.50588486,21.47076268
77.36951333,3.202141113,-22.93051575,24.76495102,33.90228693
77.37959533,2.423011322,-32.49308029,33.49000717,46.72528043
77.38967733,-0.1968406677,-36.94856506,23.16567673,43.61059257
77.39976033,-2.952909393,-27.20936783,6.280339966,28.08045658
77.40984233,-3.443738708,-14.08870239,1.136885834,14.54796827
77.41992533,-2.336042175,-5.973927155,1.16308136,6.519022698
77.43000733,-1.813778229,-0.7162605286,0.7117698669,2.075918339
77.44009033,-0.2549198914,0.8214916992,-2.089355164,2.259477321
77.45017233,3.653452606,-3.732637939,-5.858217773,7.848504151
77.46025533,8.568032684,-10.4165387,-13.31585953,18.95329991
77.47033733,12.9220285,-13.88123383,-15.00270172,24.18157423
77.48041933,13.11078598,-13.55072113,-10.43120819,21.54819845
77.49050233,10.01657043,-12.49272125,-4.153113556,16.54231301
77.50058433,3.002156982,-13.0959668,21.12107849,25.03232409
77.51066733,-0.9758207703,-12.02793777,18.41829895,22.01947432
77.52074933,1.127156067,-7.140301666,-5.205874329,8.908171317
77.53083233,-0.1255888367,-4.892276459,-11.86507645,12.83472558
77.54091433,-0.2854563904,-4.863087158,-8.581654358,9.867922455
77.55099733,1.247805176,-6.120921478,-6.594985657,9.083861146
77.56107933,2.971620483,-7.511829071,-5.948929138,10.03234081
77.57116133,3.059936829,-8.396639099,-5.916895752,10.71804165
77.58124433,2.772085419,-9.536369019,-5.136867828,11.18097503
77.59132633,3.13118866,-10.84794159,-3.121309204,11.71429683
77.60140933,2.759511566,-11.87061493,-0.8256829834,12.21507901
77.61149133,1.518143005,-12.70258484,1.041983185,12.83534763
77.62157433,0.5343887329,-12.92906387,1.835483093,13.06963129
77.63165633,0.3861968994,-12.45455063,1.68609375,12.57409605
77.64173933,1.089434509,-11.46510818,1.319206696,11.59206106
77.65182133,2.194736023,-9.976004791,0.7929011536,10.24530283
77.66190333,3.013383636,-8.465346222,0.288899231,8.990329825
77.67198633,3.151546326,-7.075636139,-0.419128418,7.757096083
77.68206833,2.827619934,-6.224655762,-1.047671356,6.916602426
77.69215133,2.36238739,-6.445895691,-1.013692017,6.939597751
77.70223333,2.107617188,-7.168293457,-0.580941925,7.494262793
77.71231633,1.797462158,-8.106542358,0.1444496155,8.304683312
77.72239833,1.187480621,-8.733588409,0.9388476562,8.863809094
77.73248133,0.6325845337,-8.938212891,1.12206665,9.030550727
77.74256333,0.3598516846,-8.777746582,0.9803114319,8.839645852
77.75264533,0.3318598938,-8.430169373,0.5721102905,8.456074552
77.76272833,0.4845423889,-8.211324463,-0.3815565491,8.234452997
77.77281033,0.8072712708,-8.051157532,-1.785337372,8.286148323
77.78289333,1.155447235,-7.953410797,-2.7789711,8.503792213
77.79297533,1.520987091,-7.925119629,-2.53093689,8.457337903
77.80305833,1.848655701,-8.102500763,-1.027014313,8.373936047
77.81314033,1.9681073,-8.589138794,0.806073761,8.848531317
77.82322333,2.063459015,-9.40164917,2.273771667,9.890344171
77.83330533,2.111060028,-10.21086639,3.135529633,10.88806287
77.84338733,1.923500061,-10.78118042,3.436254272,11.47787207
77.85347033,1.300046539,-11.14417557,3.103196869,11.64098797
77.86355233,0.4623884583,-11.70475983,2.063309326,11.89421923
77.87363533,-0.9228309631,-12.36743179,0.75353302,12.42468503
77.88371733,-2.576741638,-12.84329224,0.03218307495,13.09926672
77.89380033,-3.69401825,-13.3719928,0.6114784241,13.88631946
77.90388233,-4.037703552,-13.5935321,2.088906097,14.33355133
77.91396533,-3.495980072,-13.4794693,3.581901398,14.37873384
77.92404733,-2.181413727,-13.31556015,4.065395966,14.09220183
77.93412933,-1.179098053,-13.22410034,3.789519653,13.80679403
77.94421233,-1.351240082,-13.08189606,3.089275818,13.50945888
77.95429433,-2.127076721,-12.34797226,2.256707153,12.73144145
77.96437733,-1.931882629,-11.79966248,2.484234009,12.21210971
77.97445933,-0.5366340637,-12.65049316,4.270170135,13.36253368
77.98454233,1.536405029,-14.36308182,4.317172394,15.07636021
77.99462433,3.673061829,-16.43671967,1.193917236,16.8843885
78.00470733,5.950276337,-18.2358284,-5.217849426,19.87906382
78.01478933,8.648565216,-18.99549866,-8.947942657,22.70886011
78.02487133,10.7907605,-18.19152054,-7.138804779,22.32340622
78.03495433,12.6287883,-16.64688263,-2.14129715,21.00452686
78.04503633,11.32080826,-14.68985229,3.797153778,18.93068506
78.05511933,8.672964478,-12.66186951,5.82588501,16.41597357
78.06520133,7.636669464,-11.22231308,4.184398499,14.20451415
78.07528433,6.144272919,-10.53164932,0.4602928162,12.2016227
78.08536633,3.138822784,-9.890083466,-2.966381378,10.79191262
78.09544933,-0.1454974365,-8.772657166,-3.393892365,9.407400737
78.10553133,-2.18919754,-7.753875732,-2.529440002,8.444716779
78.11561433,-2.086960144,-7.395221558,-1.819915466,7.896631993
78.12569633,-0.3707789612,-7.238048401,-1.19346817,7.345147239
78.13577833,1.327140198,-6.906637573,-0.9858499146,7.101749343
78.14586146,2.217788086,-6.41670639,-1.04722229,6.869452629
78.15594346,2.474653931,-6.099216614,-0.812510376,6.632083269
78.16602646,2.310146027,-6.255791016,-0.9590556335,6.737320209
78.17610846,1.600771179,-6.71039566,-1.532363434,7.066825028
78.18619146,1.229692841,-6.907535706,-1.520538025,7.179013156
78.19627346,0.9592053223,-6.292165375,-1.549877014,6.550842596
78.20635646,0.4317022705,-5.346282349,-1.767823792,5.647504118
78.21643846,0.573457489,-4.27660675,-1.940564575,4.731174237
78.22652046,1.300196228,-3.086431732,-2.345472565,4.088742181
78.23660346,2.143243103,-2.227218475,-2.634072418,4.06107506
78.24668546,2.957699432,-1.552870789,-2.738854523,4.319805287
78.25676846,3.330574036,-1.174607391,-2.46776825,4.308399478
78.26685046,3.683689728,-1.194965057,-1.804347839,4.272374354
78.27693346,3.873944092,-1.450483704,-1.085692291,4.276689555
78.28701546,4.055965576,-1.869462433,-0.2592608643,4.473584998
78.29709846,4.36327652,-2.633473663,0.7610174561,5.152913069
78.30718046,4.532125397,-3.927083588,1.902843018,6.291498841
78.31726246,4.564757538,-6.1113414,3.278182983,8.302529058
78.32734546,4.147425385,-9.701026611,6.433321838,12.35713092
78.33742746,3.385809174,-14.30590073,12.4987088,19.29611933
78.34751046,3.052153015,-20.39823166,20.71422455,29.2315342
78.35759246,2.801125031,-28.29356323,29.629086,41.06403242
78.36767546,1.098565521,-33.69238632,26.65043015,42.97242336
78.37775746,-2.16000824,-27.32193375,11.44998962,29.70279384
78.38784046,-2.943029938,-15.46449142,2.514620819,15.94161968
78.39792246,-3.028352509,-7.461084595,1.817071381,8.25472293
78.40800446,-2.595602417,-2.529440002,2.814896393,4.58899339
78.41808746,-0.3662882996,-1.903441772,0.2736309814,1.957583105
78.42816946,3.5208284,-5.832321625,-5.720653839,8.895959111
78.43825246,8.697962494,-11.69937103,-13.18039124,19.65330881
78.44833446,12.6937532,-14.60677505,-16.27730118,25.28714657
78.45841746,11.90175018,-12.23301132,-11.45238464,20.55371834
78.46849946,8.37897583,-9.017697601,-4.850363617,13.23072686
78.47858246,3.163222046,-9.053024139,21.1661348,23.23722191
78.48866446,0.7213499451,-8.877738647,19.29502579,21.25164957
78.49874646,2.345921631,-4.902305603,-4.174369354,6.852832117
78.50882946,0.6340814209,-3.854035492,-9.654623108,10.41476818
78.51891146,-0.1383123779,-5.136867828,-6.065985718,7.950014096
78.52899446,0.5063969421,-7.979756012,-5.912105713,9.94414088
78.53907646,1.328786774,-10.86440735,-7.518115997,13.27867047
78.54915946,0.9948312378,-11.81433197,-6.950196991,13.74312073
78.55924146,1.225501556,-12.22792191,-5.993985443,13.67303147
78.56932446,1.95283905,-12.59121643,-4.209845581,13.41920681
78.57940646,2.026036835,-12.6792334,-1.867965546,12.97524875
78.58948846,1.852996674,-12.74015671,0.4474195862,12.88197865
78.59957146,1.669927368,-12.44976059,1.829495544,12.69378785
78.60965346,1.65450943,-11.73200317,2.183958435,12.04769581
78.61973646,2.138153687,-10.54048096,1.831591187,10.91000304
78.62981846,3.128643951,-9.080267487,0.9366023254,9.649709556
78.63990146,3.896846466,-7.801027679,-0.5162763977,8.735444268
78.64998346,3.64252533,-6.696324921,-2.153721313,7.921317675
78.66006646,3.394940186,-5.990243225,-2.89363266,7.468717609
78.67014846,2.802172852,-6.024072876,-2.398462372,7.06358609
78.68023046,2.222727814,-6.668782196,-1.111887817,7.116844064
78.69031346,1.767823792,-7.613617401,0.1014889526,7.816819743
78.70039546,1.788780212,-8.097111969,0.7472460938,8.325943407
78.71047846,1.445543976,-8.445138245,0.8178991699,8.606910968
78.72056046,0.9151968384,-8.295449524,0.8888516235,8.392980714
78.73064346,0.5894741821,-8.033494263,0.8807684326,8.103102055
78.74072546,0.3432362366,-7.95655426,0.4875361633,7.978863222
78.75080846,0.06107299805,-7.951165466,-0.6225553894,7.975734286
78.76089046,0.1703457642,-8.080795898,-1.755549316,8.271047904
78.77097246,0.5694158936,-8.315657501,-1.963017883,8.56316725
78.78105546,0.7851173401,-8.6434758,-1.40527771,8.792092389
78.79113746,0.9587562561,-9.157806244,-0.4677772522,9.21973125
78.80122046,1.379830627,-10.08497818,0.6517446899,10.19977885
78.81130246,1.79611496,-11.04523132,1.857337646,11.34340633
78.82138546,1.685944061,-11.22306152,2.851570129,11.7017507
78.83146746,1.009500732,-10.96499817,3.665727081,11.60550868
78.84155046,0.1326242065,-11.3335318,3.389850769,11.83036857
78.85163246,-0.7424560547,-12.07733505,2.001637573,12.26457565
78.86171546,-2.123184814,-12.68087997,0.9036708069,12.88911369
78.87179746,-3.085234222,-13.02187088,0.7773335266,13.40492592
78.88187946,-3.583547974,-13.26511505,2.205812988,13.91656223
78.89196246,-3.278482361,-13.49234253,4.049379272,14.46337533
78.90204446,-2.393672333,-13.58185638,4.561614075,14.52600472
78.91212746,-1.91781189,-14.10546753,3.675456848,14.70208148
78.92220946,-1.958826599,-14.09753403,2.334694977,14.42318508
78.93229246,-2.21614151,-13.23368042,2.119292908,13.58429178
78.94237446,-1.366508331,-13.65804794,4.221521301,14.36074026
78.95245746,0.1435514832,-14.72053848,5.00798584,15.54975184
78.96253946,1.987566833,-16.34570892,2.591860199,16.66884403
78.97262146,3.839515686,-18.18732925,-3.589385834,18.9315746
78.98270446,6.124514008,-19.14159485,-8.812624054,21.94476402
78.99278646,8.593479767,-18.63579666,-8.485105133,22.20670666
79.00286946,10.45426025,-16.95449295,-4.97640152,20.5307321
79.01295146,10.69106781,-14.71200623,-0.4703219604,18.19239569
79.02303446,8.921298065,-13.15210007,3.816014557,16.34408953
79.03311646,8.395740967,-12.41982285,5.133574677,15.84594758
79.04319946,7.460785217,-11.52348679,3.536096649,14.1759671
79.05328146,5.192102966,-10.91784622,-0.2100132751,12.0913773
79.06336346,2.299368439,-10.27388535,-2.691552887,10.86665874
79.07344646,-0.5828878784,-9.088799744,-2.980452118,9.582751895
79.08352846,-1.989363098,-8.30996933,-2.401456146,8.875818127
79.09361146,-1.674717407,-7.81494873,-1.72935379,8.177332486
79.10369346,-0.04116439819,-7.262148285,-1.377435608,7.391740057
79.11377646,1.370998993,-6.624624023,-1.399589539,6.908265525
79.12385846,1.862127686,-6.301446075,-1.372795258,6.712697593
79.13394146,2.132315826,-6.48930542,-1.778302002,7.058343547
79.14402375,2.343376923,-6.574478302,-1.744172974,7.194256022
79.15410575,2.132615204,-6.444997559,-1.813927917,7.026832546
79.16418875,1.883982239,-5.931714935,-2.03007843,6.546437931
79.17427075,1.677411804,-5.003794556,-1.900298309,5.609171417
79.18435375,1.379680939,-3.779939575,-1.789528656,4.403847806
79.19443575,1.387165375,-2.629432068,-1.905238037,3.531015825
79.20451875,1.788929901,-1.629661102,-2.249671783,3.304101789
79.21460075,2.095342712,-0.8677455139,-2.444416809,3.334459011
79.22468375,2.32257019,-0.3282673645,-2.485880585,3.417849329
79.23476575,2.733465729,-0.2956352234,-1.987117767,3.39232547
79.24484775,3.162174225,-0.6783892822,-1.145268402,3.430917889
79.25493075,3.539689178,-1.148860931,-0.339793396,3.736942664
79.26501275,4.013903046,-2.044298859,0.5626799011,4.539513647
79.27509575,4.227808228,-3.577261047,1.311871948,5.691411689
79.28517775,3.952081604,-5.746999054,2.301015015,7.34449571
79.29526075,3.606001282,-9.195976868,4.751269684,10.9610127
79.30534275,3.238365784,-13.85728363,9.72692276,17.23729529
79.31542575,3.075205078,-19.1489296,16.74792252,25.62481804
79.32550775,2.965932312,-25.91920074,25.23093201,36.29327282
79.33559075,0.7521858215,-33.03989319,30.26975372,44.81582662
79.34567275,-2.575693817,-31.1818071,17.49082764,35.84506025
79.35575475,-3.927083588,-19.18949524,5.329217834,20.29924323
79.36583775,-2.695444794,-9.962383118,1.869462433,10.48853611
79.37591975,-2.005679169,-4.077221375,1.402283936,4.755300548
79.38600275,0.8821156311,-1.68489624,-0.682281189,2.020522444
79.39608475,4.768483887,-3.956572266,-4.348157959,7.569635414
79.40616775,6.530918884,-8.49243988,-8.97578476,13.97637824
79.41624975,7.08132431,-13.67541183,-13.26421692,20.32489836
79.42633275,8.190218353,-15.2457962,-15.49487823,23.22940443
79.43641475,7.915240173,-12.63612305,-10.66876419,18.33426197
79.44649675,6.5957341,-9.592053223,-2.636018372,11.9356519
79.45657975,1.865271149,-8.548722839,19.73990067,21.59221102
79.46666175,1.785936127,-6.949448547,22.70478516,23.81158693
79.47674475,4.402494965,-3.689826965,2.268682251,6.176058946
79.48682675,1.297352142,-3.226091309,-10.90362579,11.44464255
79.49690975,0.6382727051,-5.398972778,-12.35216354,13.49563794
79.50699175,2.210153961,-8.273145905,-8.366401978,11.97190067
79.51707475,2.950214996,-10.6912175,-8.131390686,13.75228761
79.52715675,2.594704285,-11.572435,-8.467741241,14.57245291
79.53723875,2.39052887,-11.74712173,-6.35234024,13.56693495
79.54732175,2.382894745,-11.92390411,-2.592458954,12.43296104
79.55740375,1.77156601,-12.0156633,0.7568261719,12.1691165
79.56748675,0.7866142273,-11.92644882,3.266058197,12.39056414
79.57756875,0.07574249268,-11.58126663,4.706363068,12.50125302
79.58765175,0.03308120728,-10.63987427,3.831582184,11.30880369
79.59773375,0.6794371033,-9.333391113,1.417701874,9.464866774
79.60781675,1.565444641,-8.202492828,-0.9018745422,8.399100143
79.61789875,2.007625122,-7.484735413,-1.927242279,7.985366969
79.62798075,2.283202057,-6.556365967,-2.743494873,7.464965535
79.63806375,2.459235992,-6.64138916,-2.362836456,7.465848094
79.64814575,2.490071869,-7.746241608,-0.5893244934,8.157942162
79.65822875,2.120789795,-8.714278564,0.672102356,8.993782398
79.66831075,1.538051605,-9.097781067,0.8247848511,9.26366521
79.67839375,0.6646179199,-9.224118347,0.8360115051,9.2857413
79.68847575,-0.1547781372,-9.296417999,0.6753955078,9.322204835
79.69855875,-0.379460907,-9.235644379,0.6878196716,9.268992047
79.70864075,-0.1486408997,-8.913963318,0.4390370178,8.926006366
79.71872275,0.3688330078,-8.524922333,-0.3905378723,8.541829921
79.72880575,0.9252259827,-8.101003876,-1.497036896,8.289959371
79.73888775,1.460063782,-7.83605484,-2.095492401,8.241761347
79.74897075,1.69312912,-7.902666321,-1.730850677,8.265268614
79.75905275,1.401236115,-8.221203918,-0.8315208435,8.381114689
79.76913575,1.182391205,-8.821904755,-0.2653981018,8.904745286
79.77921775,1.265468445,-9.772428131,0.2612068176,9.857484008
79.78930075,1.51874176,-10.60260178,0.9545649719,10.75327556
79.79938275,1.440005493,-11.12636261,1.393751678,11.30540156
79.80946575,1.276844788,-11.36511612,1.664239197,11.55707096
79.81954775,1.212328949,-11.54429352,1.656605072,11.72539102
79.82962975,0.8267308044,-11.97330139,1.224603424,12.06412382
79.83971275,0.0643661499,-12.26130249,0.5409750366,12.27339952
79.84979475,-1.110241241,-12.33180588,-0.05044509888,12.38178568
79.85987775,-1.973645782,-12.37416779,0.07349716187,12.53079039
79.86995975,-1.977088623,-12.77712982,1.352287903,12.99971571
79.88004275,-0.9505233765,-13.2220047,3.165317688,13.62879815
79.89012475,0.2323168945,-13.25658279,4.664300537,14.05512924
79.90020775,0.3547622681,-13.07800415,5.006938019,14.00819321
79.91028975,-0.02829116821,-12.80018188,4.713398438,13.6404392
79.92037175,-0.8204438782,-11.92629913,3.859124908,12.56194986
79.93045475,-1.07536377,-11.54399414,3.887116699,12.22824125
79.94053675,-0.2534230042,-12.04320602,4.736749878,12.94371793
79.95061975,0.802331543,-12.81200729,3.944148102,13.42935483
79.96070175,1.523681488,-14.23584641,0.951870575,14.34876252
79.97078475,2.122436371,-16.3141246,-4.237837372,16.98866279
79.98086675,3.313509521,-18.0234201,-7.959248657,19.97930571
79.99094975,6.083349609,-17.99946991,-7.8418927,20.55439954
